datetime,open,high,low,close,trend_identified,event
2025-04-02 15:28:00,562.9398,562.97,562.9298,562.95,,
2025-04-02 15:28:04,562.94,562.987,562.91,562.94,,
2025-04-02 15:28:08,562.93,562.99,562.93,562.96,,
2025-04-02 15:28:12,562.945,563.06,562.945,563.015,,
2025-04-02 15:28:16,563.0003,563.0603,562.98,563.04,,
2025-04-02 15:28:20,563.03,563.06,563.025,563.04,,
2025-04-02 15:28:24,563.045,563.17,562.6671,563.1,,
2025-04-02 15:28:28,563.1,563.145,563.09,563.12,,
2025-04-02 15:28:32,563.1,563.17,562.9564,563.16,,
2025-04-02 15:28:36,563.17,563.17,563.1003,563.15,,
2025-04-02 15:28:40,563.1572,563.2,563.13,563.1848,,
2025-04-02 15:28:44,563.2,563.29,563.2,563.2489,,
2025-04-02 15:28:48,563.245,563.295,563.1863,563.25,,
2025-04-02 15:28:52,563.25,563.32,563.25,563.3193,,
2025-04-02 15:28:56,563.315,563.3702,562.7585,563.35,,
2025-04-02 15:29:00,563.34,563.3598,562.7779,563.2753,,
2025-04-02 15:29:04,563.2501,563.32,563.25,563.32,,
2025-04-02 15:29:08,563.2662,563.38,563.2662,563.345,,
2025-04-02 15:29:12,562.7593,563.35,562.7593,563.3,,
2025-04-02 15:29:16,563.3,563.31,562.5031,562.5031,,
2025-04-02 15:29:20,563.19,563.2967,563.0,563.23,,
2025-04-02 15:29:24,563.2302,563.24,563.17,563.1715,,
2025-04-02 15:29:28,563.18,563.31,563.18,563.29,,
2025-04-02 15:29:32,563.3,563.3,562.9498,563.18,,
2025-04-02 15:29:36,563.19,563.24,563.14,563.23,,
2025-04-02 15:29:40,563.235,563.263652,563.18,563.18,,
2025-04-02 15:29:44,563.1798,563.26,563.16,563.19,,
2025-04-02 15:29:48,563.18,563.185,563.05,563.08,,
2025-04-02 15:29:52,563.08,563.22,563.07,563.2,,
2025-04-02 15:29:56,563.195,563.2199,562.855,563.1905,,
2025-04-02 15:30:00,563.18,563.18,562.635,562.8,,
2025-04-02 15:30:04,562.82,562.957,562.81,562.9499,,
2025-04-02 15:30:08,562.94,562.995,562.6995,562.93,,
2025-04-02 15:30:12,562.93,562.95,562.82,562.85,,
2025-04-02 15:30:16,562.8407,562.96,562.8407,562.93,,
2025-04-02 15:30:20,562.9199,562.95,562.86,562.9,,
2025-04-02 15:30:24,562.8801,562.9301,562.8601,562.9301,,
2025-04-02 15:30:28,562.94,563.05,562.9152,563.04,,
2025-04-02 15:30:32,563.03,563.1,562.8986,563.06,,
2025-04-02 15:30:36,563.07,563.13,563.07,563.11,,
2025-04-02 15:30:40,563.11,563.1282,563.0803,563.12,,
2025-04-02 15:30:44,563.13,563.195,563.1,563.1099,,
2025-04-02 15:30:48,563.1198,563.16,563.0521,563.155,,
2025-04-02 15:30:52,563.15,563.19,563.15,563.15,,
2025-04-02 15:30:56,563.15,563.26,563.15,563.21,,
2025-04-02 15:31:00,563.2,563.3101,563.15,563.3047,,
2025-04-02 15:31:04,563.31,563.4,562.7829,563.33,,
2025-04-02 15:31:08,563.33,563.35,563.3,563.3209,,
2025-04-02 15:31:12,563.3099,563.39,563.28,563.36,,
2025-04-02 15:31:16,563.38,563.4,563.2746,563.33,,
2025-04-02 15:31:20,563.34,563.39,563.34,563.39,,
2025-04-02 15:31:24,563.38,563.48,563.35,563.47,,
2025-04-02 15:31:28,563.4602,563.52,563.43,563.46,,
2025-04-02 15:31:32,563.45,563.55,563.3806,563.53,,
2025-04-02 15:31:36,563.53,563.58,562.8507,563.56,,
2025-04-02 15:31:40,563.57,563.62,563.5509,563.58,,
2025-04-02 15:31:44,563.578072,563.63,562.8635,563.59,,
2025-04-02 15:31:48,561.165,563.67,561.165,563.6501,,
2025-04-02 15:31:52,563.65,563.74,562.8962,563.67,,
2025-04-02 15:31:56,563.6801,563.73,563.0993,563.66,,
2025-04-02 15:32:00,563.6601,563.69,563.64,563.64,,
2025-04-02 15:32:04,563.645,563.647,563.121,563.5507,,
2025-04-02 15:32:08,563.57,563.595,563.54,563.56,,
2025-04-02 15:32:12,563.57,563.59,563.5,563.555,,
2025-04-02 15:32:16,563.56,563.73,563.56,563.7,,
2025-04-02 15:32:20,563.7,563.85,563.7,563.755,,
2025-04-02 15:32:24,563.76,563.78,563.66,563.68,,
2025-04-02 15:32:28,563.6801,563.775,563.1906,563.76,,
2025-04-02 15:32:32,563.76,563.79,563.69,563.77,,
2025-04-02 15:32:36,563.775,563.82,563.3102,563.7798,,
2025-04-02 15:32:40,563.78,563.82,563.76,563.76,,
2025-04-02 15:32:44,563.76,563.81,563.6443,563.78,,
2025-04-02 15:32:48,563.77,563.825,563.75,563.8,,
2025-04-02 15:32:52,563.8009,563.825,563.75,563.78,,
2025-04-02 15:32:56,563.765,563.8,563.2653,563.72,,
2025-04-02 15:33:00,563.7,563.88,563.7,563.83,,
2025-04-02 15:33:04,563.8312,563.84,563.2826,563.77,,
2025-04-02 15:33:08,563.77,563.93,563.75,563.9296,,
2025-04-02 15:33:12,563.92,563.94,563.8724,563.925,,
2025-04-02 15:33:16,563.9399,563.98,563.92,563.9698,,
2025-04-02 15:33:20,563.96,564.01,563.3311,563.92,,
2025-04-02 15:33:24,563.92,564.02,563.1482,564.015,,
2025-04-02 15:33:28,564.01,564.015,563.82,563.906,,
2025-04-02 15:33:32,563.92,563.96,563.48,563.89,,
2025-04-02 15:33:36,563.885,563.9802,563.885,563.98,,
2025-04-02 15:33:40,563.98,564.09,563.4044,564.006,,
2025-04-02 15:33:44,564.0,564.03,563.8816,564.028,,
2025-04-02 15:33:48,564.03,564.0786,563.8961,564.02,,
2025-04-02 15:33:52,564.03,564.04,564.0,564.0018,,
2025-04-02 15:33:56,563.99,563.99,563.4106,563.4106,,
2025-04-02 15:34:00,563.93,564.02,563.91,563.99,,
2025-04-02 15:34:04,563.97,564.04,563.4153,564.04,,
2025-04-02 15:34:08,564.05,564.147,563.4244,564.14,,
2025-04-02 15:34:12,564.15,564.21,564.14,564.21,,
2025-04-02 15:34:16,564.19,564.27,563.974786,564.23,,
2025-04-02 15:34:20,564.22,564.23,564.2,564.23,,
2025-04-02 15:34:24,564.23,564.34,563.2585,563.2585,,
2025-04-02 15:34:28,564.31,564.36,564.3096,564.33,,
2025-04-02 15:34:32,564.34,564.39,564.34,564.3899,,
2025-04-02 15:34:36,564.38,564.3899,564.33,564.36,,
2025-04-02 15:34:40,564.36,564.38,564.32,564.36,,
2025-04-02 15:34:44,564.342,564.401,563.4937,564.37,,
2025-04-02 15:34:48,564.36,564.3649,563.3075,564.29,,
2025-04-02 15:34:52,564.31,564.31,563.5105,564.2702,,
2025-04-02 15:34:56,564.27,564.2799,563.5128,564.14,,
2025-04-02 15:35:00,564.1398,564.179,563.3273,564.0101,,
2025-04-02 15:35:04,564.02,564.2399,563.6086,563.87,,
2025-04-02 15:35:08,563.86,564.1069,563.6129,563.91,,
2025-04-02 15:35:12,563.9,564.0,563.9,563.955,,
2025-04-02 15:35:16,563.955,563.955,563.73,563.7498,,
2025-04-02 15:35:20,563.775,563.91,563.7009,563.8201,,
2025-04-02 15:35:24,563.83,563.85,563.81,563.83,,
2025-04-02 15:35:28,563.82,563.91,563.3769,563.8792,,
2025-04-02 15:35:32,563.86,564.107745,563.7557,563.8665,,
2025-04-02 15:35:36,563.9352,563.96,563.88,563.91,,
2025-04-02 15:35:40,563.9,564.08,563.9,564.02,,
2025-04-02 15:35:44,564.03,564.214,563.8772,564.21,,
2025-04-02 15:35:48,564.215,564.22,564.093,564.1791,,
2025-04-02 15:35:52,564.17,564.23,563.4155,564.19,,
2025-04-02 15:35:56,564.19,564.35,564.0293,564.33,,
2025-04-02 15:36:00,564.34,564.36,564.305,564.3088,,
2025-04-02 15:36:04,564.34,564.36,563.4436,564.3,,
2025-04-02 15:36:08,564.3,564.31,564.23,564.275,,
2025-04-02 15:36:12,564.22,564.2986,563.4684,564.2951,,
2025-04-02 15:36:16,564.291,564.291,564.24,564.2486,,
2025-04-02 15:36:20,564.24,564.26,564.09,564.15,,
2025-04-02 15:36:24,564.15,564.185,564.100524,564.15,,
2025-04-02 15:36:28,564.149,564.24,564.1276,564.225,,
2025-04-02 15:36:32,564.23,564.33,563.9066,564.2996,,
2025-04-02 15:36:36,564.295,564.35,564.198375,564.34,,
2025-04-02 15:36:40,564.35,564.38,564.32,564.3374,,
2025-04-02 15:36:44,564.34,564.3597,564.2618,564.28,,
2025-04-02 15:36:48,564.28,564.33,564.26,564.2951,,
2025-04-02 15:36:52,564.2911,564.37,564.2911,564.37,,
2025-04-02 15:36:56,564.38,564.44,564.2938,564.42,,
2025-04-02 15:37:00,564.39,564.41,563.5268,564.39,,
2025-04-02 15:37:04,564.39,564.4151,563.9688,564.4151,,
2025-04-02 15:37:08,564.43,564.48,563.9554,564.46,,
2025-04-02 15:37:12,564.44,564.45,564.38,564.4097,,
2025-04-02 15:37:16,564.44,564.47,564.43,564.44,,
2025-04-02 15:37:20,564.43,564.49,564.0425,564.45,,
2025-04-02 15:37:24,564.445,564.48,563.9981,564.395,,
2025-04-02 15:37:28,564.395,564.489,564.0662,564.475,,
2025-04-02 15:37:32,564.47,564.5,563.5872,564.4847,,
2025-04-02 15:37:36,564.49,564.55,564.48,564.51,,
2025-04-02 15:37:40,564.5,564.51,564.4,564.41,,
2025-04-02 15:37:44,564.4102,564.42,564.0997,564.0997,,
2025-04-02 15:37:48,564.3912,564.4605,564.22,564.22,,
2025-04-02 15:37:52,564.21,564.31,563.6196,564.29,,
2025-04-02 15:37:56,564.275,564.3592,564.26,564.345,,
2025-04-02 15:38:00,564.3494,564.4502,564.1428,564.4399,,
2025-04-02 15:38:04,564.385,564.405,564.1485,564.345,,
2025-04-02 15:38:08,564.36,564.5101,564.2318,564.49,,
2025-04-02 15:38:12,564.5,564.505,564.43,564.43,,
2025-04-02 15:38:16,564.44,564.45,564.175,564.36,,
2025-04-02 15:38:20,564.36,564.4069,564.34,564.36,,
2025-04-02 15:38:24,564.35,564.47,564.34,564.47,,
2025-04-02 15:38:28,564.47,564.47,564.2308,564.47,,
2025-04-02 15:38:32,564.45,564.5091,564.3982,564.455,,
2025-04-02 15:38:36,564.455,564.4899,564.43,564.47,,
2025-04-02 15:38:40,564.47,564.48,564.37635,564.45,,
2025-04-02 15:38:44,564.4583,564.4583,564.37,564.39,,
2025-04-02 15:38:48,564.38,564.3897,564.278042,564.29,,
2025-04-02 15:38:52,564.2901,564.3528,564.2,564.26,,
2025-04-02 15:38:56,564.24,564.265,564.21,564.22,,
2025-04-02 15:39:00,564.2112,564.3882,564.15,564.255,,
2025-04-02 15:39:04,564.267,564.27,564.21,564.26,,
2025-04-02 15:39:08,564.25,564.3,563.7153,564.22,,
2025-04-02 15:39:12,564.215,564.23,564.13,564.1802,,
2025-04-02 15:39:16,564.18,564.18,564.11,564.15,,
2025-04-02 15:39:20,564.15,564.3019,564.127554,564.14,,
2025-04-02 15:39:24,564.15,564.3425,564.06,564.1825,,
2025-04-02 15:39:28,564.175,564.22,564.15,564.1678,,
2025-04-02 15:39:32,564.15,564.16,564.1301,564.1473,,
2025-04-02 15:39:36,564.13,564.188,564.02,564.0711,,
2025-04-02 15:39:40,564.09,564.225557,564.07,564.07,,
2025-04-02 15:39:44,564.06,564.12,563.7424,564.075,,
2025-04-02 15:39:48,564.09,564.2217,563.7518,564.05,,
2025-04-02 15:39:52,564.03,564.2904,564.02,564.0451,,
2025-04-02 15:39:56,564.06,564.288,564.035,564.079,,
2025-04-02 15:40:00,564.07,564.2131,563.98,564.0,,
2025-04-02 15:40:04,564.01,564.274,563.93,563.93,,
2025-04-02 15:40:08,563.94,564.2138,563.94,564.0598,,
2025-04-02 15:40:12,564.08,564.08,563.8662,564.02,,
2025-04-02 15:40:16,563.99,564.0601,563.95,563.985,,
2025-04-02 15:40:20,564.0,564.27,564.0,564.27,,
2025-04-02 15:40:24,564.25,564.38,563.9109,564.3754,,
2025-04-02 15:40:28,564.35,564.3679,564.3,564.3,,
2025-04-02 15:40:32,564.29,564.37,564.27,564.3461,,
2025-04-02 15:40:36,564.34,564.44,564.1426,564.4065,,
2025-04-02 15:40:40,564.3907,564.4451,564.091844,564.38,,
2025-04-02 15:40:44,564.38,564.47,564.1015,564.45,,
2025-04-02 15:40:48,564.4728,564.5183,564.1329,564.489,,
2025-04-02 15:40:52,564.47,564.51,564.2177,564.49,,
2025-04-02 15:40:56,564.48,564.48,564.39,564.45,,
2025-04-02 15:41:00,564.41,564.6,564.2,564.5799,,
2025-04-02 15:41:04,564.56,564.5789,564.2687,564.5403,,
2025-04-02 15:41:08,564.5592,564.65,564.2728,564.64,,
2025-04-02 15:41:12,564.64,564.6496,564.54,564.574,,
2025-04-02 15:41:16,564.55,564.63,564.5,564.61,,
2025-04-02 15:41:20,564.61,564.64,564.56,564.6199,,
2025-04-02 15:41:24,564.605,564.66,564.053,564.62,,
2025-04-02 15:41:28,564.6298,564.64,564.45,564.49,,
2025-04-02 15:41:32,564.46,564.48,564.262,564.4688,,
2025-04-02 15:41:36,564.47,564.5674,561.165,564.41,,
2025-04-02 15:41:40,564.41,564.45,564.2812,564.406,,
2025-04-02 15:41:44,564.42,564.5358,564.0923,564.44,,
2025-04-02 15:41:48,564.45,564.54,564.45,564.52,,
2025-04-02 15:41:52,564.54,564.6,564.1107,564.58,,
2025-04-02 15:41:56,564.57,564.65,564.57,564.6203,,
2025-04-02 15:42:00,564.64,564.76,564.3223,564.76,,
2025-04-02 15:42:04,564.74,564.8,564.3314,564.77,,
2025-04-02 15:42:08,564.8,564.8,564.4289,564.705,,
2025-04-02 15:42:12,564.71,564.72,564.3365,564.3365,,
2025-04-02 15:42:16,564.3291,564.8,564.3291,564.77,,
2025-04-02 15:42:20,564.76,564.76,564.67,564.75,,
2025-04-02 15:42:24,564.75,564.86,564.6966,564.79,,
2025-04-02 15:42:28,564.8099,564.88,564.78,564.83,,
2025-04-02 15:42:32,564.83,564.87,564.1955,564.85,,
2025-04-02 15:42:36,564.84,564.8597,564.4587,564.4587,,
2025-04-02 15:42:40,564.82,564.89,564.82,564.86,,
2025-04-02 15:42:44,564.865,564.87,564.72,564.7399,,
2025-04-02 15:42:48,564.735,564.7504,564.445,564.48,,
2025-04-02 15:42:52,564.4575,564.63,564.44,564.58,,
2025-04-02 15:42:56,564.55,564.6,564.53,564.59,,
2025-04-02 15:43:00,564.5713,564.66,564.4007,564.6595,,
2025-04-02 15:43:04,564.6597,564.67,564.56,564.65,,
2025-04-02 15:43:08,564.4098,564.71,564.4098,564.66,,
2025-04-02 15:43:12,564.66,564.69,564.6385,564.66,,
2025-04-02 15:43:16,564.67,564.69,564.4162,564.65,,
2025-04-02 15:43:20,564.65,564.77,564.4186,564.77,,
2025-04-02 15:43:24,564.75,564.78,564.695,564.695,,
2025-04-02 15:43:28,564.68,564.715,564.61,564.715,,
2025-04-02 15:43:32,564.72,564.75,564.68,564.7,,
2025-04-02 15:43:36,564.7,564.72,564.3461,564.64,,
2025-04-02 15:43:40,564.65,564.7,564.65,564.6675,,
2025-04-02 15:43:44,564.68,564.72,564.64,564.68,,
2025-04-02 15:43:48,564.685,564.77,564.3531,564.75,,
2025-04-02 15:43:52,564.74,564.8,564.711111,564.79,,
2025-04-02 15:43:56,564.7981,564.7981,564.7185,564.74,,
2025-04-02 15:44:00,564.73,564.7927,564.4661,564.76,,
2025-04-02 15:44:04,564.75,564.85,564.6943,564.84,,
2025-04-02 15:44:08,564.83,564.91,564.4747,564.854,,
2025-04-02 15:44:12,564.8616,564.88,564.7034,564.72,,
2025-04-02 15:44:16,564.72,564.7799,564.6701,564.7,,
2025-04-02 15:44:20,564.7099,564.7851,564.66,564.67,,
2025-04-02 15:44:24,564.66,564.66,564.4991,564.6,,
2025-04-02 15:44:28,564.624,564.624,564.5,564.5001,,
2025-04-02 15:44:32,564.5,564.6525,564.48,564.5875,,
2025-04-02 15:44:36,564.595,564.707358,564.53,564.56,,
2025-04-02 15:44:40,564.56,564.6755,564.5121,564.6,,
2025-04-02 15:44:44,564.5145,564.67,564.5145,564.661,,
2025-04-02 15:44:48,564.6675,564.718,564.5426,564.7,,
2025-04-02 15:44:52,564.7,564.77,564.4043,564.75,,
2025-04-02 15:44:56,564.755,564.77,564.4063,564.5657,,
2025-04-02 15:45:00,564.71,564.81,564.5757,564.72,,
2025-04-02 15:45:04,564.71,564.83,564.6919,564.78,,
2025-04-02 15:45:08,564.77,564.83,564.594,564.82,,
2025-04-02 15:45:12,564.82,564.83,564.72,564.7631,,
2025-04-02 15:45:16,564.765,564.905,564.699,564.89,,
2025-04-02 15:45:20,564.87,564.9,564.6444,564.85,,
2025-04-02 15:45:24,564.8725,564.98,564.4521,564.97,,
2025-04-02 15:45:28,564.9688,565.015,564.4579,565.0,,
2025-04-02 15:45:32,564.99,565.08,564.6646,565.06,,
2025-04-02 15:45:36,565.0653,565.0653,565.0,565.02,,
2025-04-02 15:45:40,565.05,565.11,564.856606,564.856606,,
2025-04-02 15:45:44,565.1,565.15,565.0404,565.14,,
2025-04-02 15:45:48,565.12,565.17,564.5036,565.13,,
2025-04-02 15:45:52,565.1399,565.18,564.703,565.12,,
2025-04-02 15:45:56,565.13,565.15,565.1101,565.12,,
2025-04-02 15:46:00,565.12,565.17,564.7142,565.16,,
2025-04-02 15:46:04,565.152,565.17,564.5197,565.16,,
2025-04-02 15:46:08,565.1725,565.23,564.7241,565.1999,,
2025-04-02 15:46:12,565.21,565.22,565.18,565.2198,,
2025-04-02 15:46:16,565.22,565.26,564.8546,565.25,,
2025-04-02 15:46:20,564.7411,565.3,564.7411,565.29,,
2025-04-02 15:46:24,565.2901,565.295,565.22,565.2297,,
2025-04-02 15:46:28,565.23,565.25,564.5458,565.2294,,
2025-04-02 15:46:32,565.225,565.225,564.7711,565.1951,,
2025-04-02 15:46:36,565.2,565.2,564.9421,565.1,1.0,
2025-04-02 15:46:40,565.11,565.163166,565.03,565.0601,,
2025-04-02 15:46:44,565.055,565.091331,565.005,565.03,,
2025-04-02 15:46:48,565.035,565.08,565.01,565.055,,
2025-04-02 15:46:52,565.07,565.1851,565.0203,565.12,,
2025-04-02 15:46:56,565.12,565.18,565.1,565.11,,
2025-04-02 15:47:00,565.1301,565.1301,564.8195,565.08,,
2025-04-02 15:47:04,565.08,565.11,565.03,565.05,,
2025-04-02 15:47:08,565.04,565.2,564.8264,565.16,,
2025-04-02 15:47:12,565.16,565.17,564.6019,565.14,,
2025-04-02 15:47:16,565.13,565.18,565.02,565.05,,
2025-04-02 15:47:20,565.03,565.1091,564.98,565.04,,
2025-04-02 15:47:24,565.06,565.0961,565.0,565.01,,
2025-04-02 15:47:28,565.01,565.08,565.01,565.07,,
2025-04-02 15:47:32,565.06,565.15,565.06,565.11,,
2025-04-02 15:47:36,565.11,565.1565,565.02,565.15,,
2025-04-02 15:47:40,565.15,565.155,564.8572,565.15,,
2025-04-02 15:47:44,565.16,565.3,564.8634,565.25,,
2025-04-02 15:47:48,565.255,565.27,565.1225,565.259,,
2025-04-02 15:47:52,565.26,565.28,565.23,565.28,,
2025-04-02 15:47:56,565.29,565.29,565.1273,565.28,,
2025-04-02 15:48:00,565.131005,565.35,564.92,565.31,,
2025-04-02 15:48:04,565.3,565.38,564.672,565.31,,
2025-04-02 15:48:08,565.3,565.34,564.6748,565.28,,
2025-04-02 15:48:12,565.28,565.305,565.23,565.27,,
2025-04-02 15:48:16,565.2801,565.29,565.0607,565.2588,,
2025-04-02 15:48:20,565.27,565.2872,565.16,565.1787,,
2025-04-02 15:48:24,565.17,565.2575,564.9663,564.9663,,
2025-04-02 15:48:28,565.1487,565.36,565.1487,565.26,,
2025-04-02 15:48:32,565.26,565.34,565.255,565.3395,,
2025-04-02 15:48:36,565.31,565.34,565.27,565.27,,
2025-04-02 15:48:40,565.27,565.32,565.2,565.3,,
2025-04-02 15:48:44,565.3,565.35,564.996,565.33,,
2025-04-02 15:48:48,565.335,565.35,565.1704,565.305,1.0,
2025-04-02 15:48:52,565.3,565.31,565.2009,565.26,,
2025-04-02 15:48:56,565.265,565.2997,564.7399,565.28,,
2025-04-02 15:49:00,565.285,565.35,565.034,565.034,,
2025-04-02 15:49:04,565.33,565.39,564.7464,565.0431,,
2025-04-02 15:49:08,565.3553,565.4,565.0461,565.361,,
2025-04-02 15:49:12,565.37,565.45,565.36,565.44,,
2025-04-02 15:49:16,565.44,565.52,565.0557,565.48,,
2025-04-02 15:49:20,565.475,565.48,565.082,565.44,,
2025-04-02 15:49:24,565.455,565.47,565.2771,565.31,,
2025-04-02 15:49:28,565.32,565.3321,565.21,565.23,,
2025-04-02 15:49:32,565.2112,565.3484,565.18,565.23,,
2025-04-02 15:49:36,565.205,565.205,565.1,565.105,,
2025-04-02 15:49:40,565.105,565.17,565.07,565.14,,
2025-04-02 15:49:44,565.13,565.231,564.836,565.1103,,
2025-04-02 15:49:48,565.1201,565.245,565.09,565.1751,,
2025-04-02 15:49:52,565.18,565.26,564.8694,565.245,,
2025-04-02 15:49:56,565.25,565.39,564.8794,565.33,,
2025-04-02 15:50:00,565.33,565.5,564.98,565.09,,
2025-04-02 15:50:04,565.1,565.22,564.9091,565.16,,
2025-04-02 15:50:08,565.1612,565.24,565.02,565.09,,
2025-04-02 15:50:12,565.04,565.121,564.98,565.01,1.0,
2025-04-02 15:50:16,565.0,565.03,564.9,564.91,,
2025-04-02 15:50:20,564.91,565.2238,564.82,564.896,,
2025-04-02 15:50:24,564.8969,565.1674,564.84,564.88,1.0,
2025-04-02 15:50:28,565.2152,565.2198,564.85,565.0,,
2025-04-02 15:50:32,564.97,564.98,564.8901,564.9398,,
2025-04-02 15:50:36,564.92,565.1868,564.83,565.025,,
2025-04-02 15:50:40,565.03,565.12,564.9553,565.0199,,
2025-04-02 15:50:44,565.02,565.055,564.9549,565.055,,
2025-04-02 15:50:48,565.06,565.168,564.97,564.97,,
2025-04-02 15:50:52,564.99,565.1539,564.89,564.99,,
2025-04-02 15:50:56,564.99,565.1634,564.99,565.1,,
2025-04-02 15:51:00,565.09,565.1498,565.01,565.01,,
2025-04-02 15:51:04,565.1617,565.1617,565.0,565.1225,,
2025-04-02 15:51:08,565.1634,565.1634,564.982023,565.015,,
2025-04-02 15:51:12,565.015,565.1645,564.95,564.99,,
2025-04-02 15:51:16,564.99,565.12,564.96,565.1089,,
2025-04-02 15:51:20,565.1,565.1552,565.0291,565.1,,
2025-04-02 15:51:24,565.11,565.26,564.9939,565.2594,,
2025-04-02 15:51:28,565.255,565.28,564.9892,565.16,1.0,
2025-04-02 15:51:32,565.16,565.22,565.1551,565.19,1.0,
2025-04-02 15:51:36,565.18,565.18,565.0901,565.18,1.0,
2025-04-02 15:51:40,565.17,565.1798,565.07,565.1012,1.0,
2025-04-02 15:51:44,565.1,565.2097,565.0071,565.208,1.0,
2025-04-02 15:51:48,565.205,565.295,565.0082,565.29,1.0,
2025-04-02 15:51:52,565.3,565.32,565.0176,565.26,1.0,
2025-04-02 15:51:56,565.25,565.28,565.17,565.18,,
2025-04-02 15:52:00,565.19,565.3,565.0799,565.23,,
2025-04-02 15:52:04,565.23,565.275,565.1679,565.25,,
2025-04-02 15:52:08,565.264,565.39,565.0881,565.306,,
2025-04-02 15:52:12,565.3,565.3,565.2715,565.3,1.0,
2025-04-02 15:52:16,565.305,565.3232,565.28,565.31,1.0,
2025-04-02 15:52:20,565.3,565.305,565.125,565.19,1.0,
2025-04-02 15:52:24,565.19,565.2806,565.1778,565.18,1.0,
2025-04-02 15:52:28,565.18,565.18,565.0301,565.08,1.0,
2025-04-02 15:52:32,565.08,565.11,565.0601,565.086,1.0,
2025-04-02 15:52:36,565.08,565.1712,565.06,565.13,1.0,
2025-04-02 15:52:40,565.12,565.12,565.0612,565.1,1.0,
2025-04-02 15:52:44,565.1,565.1791,565.08,565.09,1.0,
2025-04-02 15:52:48,565.085,565.1773,565.06,565.084,1.0,
2025-04-02 15:52:52,565.0928,565.2,565.0812,565.192,1.0,
2025-04-02 15:52:56,565.19,565.25,565.127,565.18,1.0,
2025-04-02 15:53:00,565.17,565.25,565.15,565.22,1.0,
2025-04-02 15:53:04,565.21,565.2288,561.165,565.15,1.0,
2025-04-02 15:53:08,565.15,565.1712,565.09,565.09,1.0,
2025-04-02 15:53:12,565.09,565.181,565.06,565.13,1.0,
2025-04-02 15:53:16,565.14,565.1693,565.07,565.078,,
2025-04-02 15:53:20,565.08,565.1749,565.06,565.07,,
2025-04-02 15:53:24,565.065,565.1275,564.945,564.95,,
2025-04-02 15:53:28,565.1706,565.1706,564.92,565.1581,1.0,
2025-04-02 15:53:32,565.1266,565.24,565.12,565.22,1.0,
2025-04-02 15:53:36,565.2299,565.24,565.0826,565.15,1.0,
2025-04-02 15:53:40,565.1409,565.28,565.093,565.235,,
2025-04-02 15:53:44,565.22,565.26,565.21,565.2325,1.0,
2025-04-02 15:53:48,565.235,565.32,565.1563,565.32,,
2025-04-02 15:53:52,565.3,565.3001,565.1312,565.2984,,
2025-04-02 15:53:56,565.2818,565.3184,565.28,565.3,,
2025-04-02 15:54:00,565.29,565.35,565.1208,565.345,,
2025-04-02 15:54:04,565.345,565.38,565.1555,565.36,1.0,
2025-04-02 15:54:08,565.3791,565.43,565.127,565.35,,
2025-04-02 15:54:12,565.36,565.41,565.1222,565.37,,
2025-04-02 15:54:16,565.36,565.425,565.1243,565.39,,
2025-04-02 15:54:20,565.39,565.49,565.1599,565.46,1.0,
2025-04-02 15:54:24,565.45,565.5,565.2194,565.2648,,
2025-04-02 15:54:28,565.5,565.51,565.1671,565.45,,
2025-04-02 15:54:32,565.44,565.59,565.1674,565.5,,
2025-04-02 15:54:36,565.51,565.51,565.1539,565.44,,
2025-04-02 15:54:40,565.42,565.42,564.92,565.09,1.0,
2025-04-02 15:54:44,565.0896,565.332032,565.03,565.05,,
2025-04-02 15:54:48,565.1797,565.2884,565.0,565.07,,
2025-04-02 15:54:52,565.07,565.18,565.07,565.11,,
2025-04-02 15:54:56,565.11,565.2117,565.07,565.08,1.0,
2025-04-02 15:55:00,565.08,565.39,565.01,565.19,,
2025-04-02 15:55:04,565.21,565.35,565.1702,565.35,,
2025-04-02 15:55:08,565.35,565.43,565.1737,565.42,1.0,
2025-04-02 15:55:12,565.42,565.465,565.1779,565.41,1.0,
2025-04-02 15:55:16,565.42,565.4499,565.2442,565.3847,1.0,
2025-04-02 15:55:20,565.3997,565.415,565.1846,565.4081,1.0,
2025-04-02 15:55:24,565.41,565.43,565.271952,565.37,1.0,
2025-04-02 15:55:28,565.37,565.48,565.1917,565.4491,1.0,
2025-04-02 15:55:32,565.4298,565.48,565.2094,565.46,1.0,
2025-04-02 15:55:36,565.45,565.57,565.1991,565.5387,1.0,
2025-04-02 15:55:40,565.54,565.61,565.2305,565.585,1.0,
2025-04-02 15:55:44,565.2782,565.64,565.2782,565.62,1.0,
2025-04-02 15:55:48,565.32,565.6384,565.32,565.49,1.0,
2025-04-02 15:55:52,565.5,565.5783,565.3324,565.44,1.0,
2025-04-02 15:55:56,565.43,565.53,565.392732,565.51,1.0,
2025-04-02 15:56:00,565.53,565.55,565.2191,565.47,,
2025-04-02 15:56:04,565.48,565.54,565.2239,565.49,1.0,
2025-04-02 15:56:08,565.52,565.59,565.2747,565.575,1.0,
2025-04-02 15:56:12,565.58,565.63,565.3619,565.58,1.0,
2025-04-02 15:56:16,565.579,565.62,565.2836,565.575,1.0,
2025-04-02 15:56:20,565.59,565.62,565.565,565.59,,
2025-04-02 15:56:24,565.6,565.67,565.2993,565.63,,
2025-04-02 15:56:28,565.635,565.65,565.53,565.5772,,
2025-04-02 15:56:32,565.58,565.62,565.3201,565.58,,
2025-04-02 15:56:36,565.58,565.59,565.3143,565.455,,
2025-04-02 15:56:40,565.47,565.49,565.4403,565.471,,
2025-04-02 15:56:44,565.475,565.54,565.3259,565.3259,1.0,
2025-04-02 15:56:48,565.535,565.55,565.36,565.37,,
2025-04-02 15:56:52,565.36,565.4494,565.2965,565.2965,,
2025-04-02 15:56:56,565.3,565.395,565.3,565.38,,
2025-04-02 15:57:00,565.504756,565.504756,565.3337,565.3675,,
2025-04-02 15:57:04,565.501304,565.54,561.165,565.4702,,
2025-04-02 15:57:08,565.48,565.5685,565.3419,565.56,,
2025-04-02 15:57:12,565.56,565.6,565.3446,565.578,1.0,
2025-04-02 15:57:16,565.575,565.59,565.3051,565.505,,
2025-04-02 15:57:20,565.5235,565.5235,565.43,565.49,1.0,
2025-04-02 15:57:24,565.4899,565.55,565.46,565.55,,
2025-04-02 15:57:28,565.55,565.55,565.3573,565.52,,
2025-04-02 15:57:32,565.5,565.54,565.405,565.41,,
2025-04-02 15:57:36,565.4,565.53,565.4,565.53,,
2025-04-02 15:57:40,565.5,565.53,565.48,565.53,1.0,
2025-04-02 15:57:44,565.5059,565.58,565.5059,565.5599,1.0,
2025-04-02 15:57:48,565.555,565.59,565.3828,565.57,1.0,
2025-04-02 15:57:52,565.5616,565.59,565.51,565.51,,
2025-04-02 15:57:56,565.51,565.57,565.3973,565.56,1.0,
2025-04-02 15:58:00,565.56,565.59,565.5,565.5,1.0,
2025-04-02 15:58:04,565.501,565.56,565.4036,565.52,1.0,
2025-04-02 15:58:08,565.51,565.57,565.5029,565.57,,
2025-04-02 15:58:12,565.55,565.59,565.4128,565.56,,
2025-04-02 15:58:16,565.57,565.58,565.48,565.51,,
2025-04-02 15:58:20,565.495,565.53,565.4601,565.47,,
2025-04-02 15:58:24,565.46,565.5322,565.405,565.41,,
2025-04-02 15:58:28,565.4,565.44,561.165,565.43,,
2025-04-02 15:58:32,565.435,565.51,565.4,565.4407,,
2025-04-02 15:58:36,565.49,565.52,561.165,565.385,,
2025-04-02 15:58:40,565.39,565.4597,565.38,565.415,,
2025-04-02 15:58:44,565.41,565.4968,565.36,565.4,,
2025-04-02 15:58:48,565.42,565.4449,565.385,565.415,,
2025-04-02 15:58:52,565.42,565.4937,565.41,565.425,,
2025-04-02 15:58:56,565.42,565.43,565.35,565.37,,
2025-04-02 15:59:00,565.37,565.41,565.2,565.3001,,
2025-04-02 15:59:04,565.31,565.4293,561.165,565.19,,
2025-04-02 15:59:08,565.19,565.4201,561.165,565.06,,
2025-04-02 15:59:12,565.07,565.4079,565.07,565.145,,
2025-04-02 15:59:16,565.14,565.29,565.125,565.185,,
2025-04-02 15:59:20,565.19,565.2372,565.09,565.09,,
2025-04-02 15:59:24,561.165,565.15,561.165,565.1,,
2025-04-02 15:59:28,565.09,565.13,565.05,565.075,,
2025-04-02 15:59:32,565.08,565.1,564.99,564.995,,
2025-04-02 15:59:36,565.0,565.01,561.165,564.89,,
2025-04-02 15:59:40,564.9,564.99,561.165,564.99,,
2025-04-02 15:59:44,564.99,565.13,564.99,565.02,,
2025-04-02 15:59:48,565.02,565.05,561.165,564.98,,
2025-04-02 15:59:52,564.95,565.03,564.89,564.9,,
2025-04-02 15:59:56,564.9,564.91,564.62,564.65,,
2025-04-02 16:00:00,564.65,564.75,564.45,564.65,,
2025-04-02 16:00:04,564.69,564.71,564.63,564.66,,
2025-04-02 16:00:08,564.59,564.6,564.33,564.47,,
2025-04-02 16:00:12,564.39,564.52,564.26,564.38,,
2025-04-02 16:00:16,564.4,564.58,564.39,564.54,,
2025-04-02 16:00:20,564.49,565.35,564.4,564.5096,,
2025-04-02 16:00:24,564.46,564.58,564.46,564.54,,
2025-04-02 16:00:28,564.55,564.64,564.48,564.5399,,
2025-04-02 16:00:32,564.52,564.52,564.41,564.46,,
2025-04-02 16:00:36,564.46,564.48,564.3,564.33,,
2025-04-02 16:00:40,564.3,564.4,564.18,564.34,,
2025-04-02 16:00:44,564.4,564.48,564.33,564.48,,
2025-04-02 16:00:48,564.47,564.55,564.46,564.46,,
2025-04-02 16:00:52,564.52,564.52,564.39,564.4093,,
2025-04-02 16:00:56,564.4093,564.47,564.39,564.47,,
2025-04-02 16:01:00,564.45,564.45,564.3,564.41,,
2025-04-02 16:01:04,564.4,564.4,564.28,564.3,,
2025-04-02 16:01:08,564.32,564.44,564.03,564.41,,
2025-04-02 16:01:12,564.44,564.54,564.43,564.51,,
2025-04-02 16:01:16,564.55,564.55,564.4,564.4,,
2025-04-02 16:01:20,564.45,564.49,564.38,564.49,,
2025-04-02 16:01:24,564.461,564.61,564.45,564.55,,
2025-04-02 16:01:28,564.58,564.62,564.25,564.51,,
2025-04-02 16:01:32,564.42,564.45,564.36,564.4,,
2025-04-02 16:01:36,564.37,564.47,564.35,564.39,,
2025-04-02 16:01:40,564.4,564.44,564.37,564.44,,
2025-04-02 16:01:44,564.4,564.6,564.4,564.5,,
2025-04-02 16:01:48,564.52,564.52,564.11,564.49,,
2025-04-02 16:01:52,564.51,564.555,564.5,564.52,,
2025-04-02 16:01:56,564.55,564.55,564.44,564.44,,
2025-04-02 16:02:00,564.48,564.52,564.44,564.47,,
2025-04-02 16:02:04,564.48,564.5,564.43,564.43,,
2025-04-02 16:02:08,564.4,564.42,564.29,564.32,,
2025-04-02 16:02:12,564.32,564.44,564.32,564.44,,
2025-04-02 16:02:16,564.44,564.44,564.4212,564.44,,
2025-04-02 16:02:20,564.44,564.4598,564.4,564.42,,
2025-04-02 16:02:24,564.44,564.44,564.4,564.4,,
2025-04-02 16:02:28,564.4,564.42,564.4,564.4088,,
2025-04-02 16:02:32,564.389,564.4,564.35,564.375,,
2025-04-02 16:02:36,564.3999,564.3999,564.27,564.27,,
2025-04-02 16:02:40,564.33,564.5,564.33,564.5,,
2025-04-02 16:02:44,564.505,564.505,564.465,564.49,,
2025-04-02 16:02:48,564.47,564.5,564.47,564.5,,
2025-04-02 16:02:52,564.51,564.541,564.5,564.541,,
2025-04-02 16:02:56,564.5104,564.74,564.5104,564.74,,
2025-04-02 16:03:00,564.78,564.93,564.76,564.93,,
2025-04-02 16:03:04,563.1423,564.94,563.1423,564.86,,
2025-04-02 16:03:08,564.929,564.929,564.76,564.81,,
2025-04-02 16:03:12,564.76,564.8486,564.74,564.81,,
2025-04-02 16:03:16,564.79,564.849,564.78,564.8,,
2025-04-02 16:03:20,564.79,564.8,564.78,564.78,,
2025-04-02 16:03:24,564.78,564.79,564.53,564.55,,
2025-04-02 16:03:28,564.53,564.9397,564.49,564.6,,
2025-04-02 16:03:32,564.59,564.6106,564.59,564.6106,,
2025-04-02 16:03:36,564.68,564.68,564.61,564.61,,
2025-04-02 16:03:40,564.63,564.9406,564.63,564.69,,
2025-04-02 16:03:44,564.69,564.72,564.66,564.66,,
2025-04-02 16:03:48,564.66,564.66,564.6,564.64,,
2025-04-02 16:03:52,564.68,564.7,564.63,564.7,,
2025-04-02 16:03:56,564.685,564.72,564.685,564.72,,
2025-04-02 16:04:00,564.66,564.68,564.64,564.68,,
2025-04-02 16:04:04,564.72,564.72,564.68,564.68,,
2025-04-02 16:04:08,564.63,564.65,564.63,564.65,,
2025-04-02 16:04:12,564.65,564.71,564.65,564.71,,
2025-04-02 16:04:16,564.65,564.69,564.64,564.69,,
2025-04-02 16:04:20,564.69,564.69,564.61,564.6499,,
2025-04-02 16:04:24,564.625,564.6499,564.48,564.48,,
2025-04-02 16:04:28,564.55,564.67,564.55,564.67,,
2025-04-02 16:04:32,564.66,564.66,564.6,564.63,,
2025-04-02 16:04:36,564.59,564.5901,564.56,564.56,,
2025-04-02 16:04:40,564.56,564.56,564.5,564.505,,
2025-04-02 16:04:44,564.46,564.58,564.46,564.58,,
2025-04-02 16:04:48,564.5299,564.58,564.5299,564.54,,
2025-04-02 16:04:52,564.53,564.5499,564.51,564.5499,,
2025-04-02 16:04:56,564.51,564.55,564.51,564.55,,
2025-04-02 16:05:00,564.54,564.66,564.51,564.59,,
2025-04-02 16:05:04,564.631,564.631,564.52,564.52,,
2025-04-02 16:05:08,564.6,564.6,564.52,564.52,,
2025-04-02 16:05:12,564.58,564.58,564.51,564.55,,
2025-04-02 16:05:16,564.55,564.58,564.55,564.58,,
2025-04-02 16:05:20,564.54,564.63,564.52,564.52,,
2025-04-02 16:05:24,564.6,564.605,561.165,564.605,,
2025-04-02 16:05:28,564.63,564.67,564.62,564.6699,,
2025-04-02 16:05:32,564.6694,564.6694,564.62,564.6497,,
2025-04-02 16:05:36,564.64,564.7697,564.64,564.7697,,
2025-04-02 16:05:40,564.77,564.78,564.75,564.75,,
2025-04-02 16:05:44,564.75,564.75,564.75,564.75,,
2025-04-02 16:05:48,564.75,564.8,564.75,564.8,,
2025-04-02 16:05:52,564.77,564.77,564.68,564.72,,
2025-04-02 16:05:56,564.72,564.72,564.7,564.7,,
2025-04-02 16:06:00,564.72,564.8,564.7,564.8,,
2025-04-02 16:06:04,564.8,564.83,564.7,564.83,,
2025-04-02 16:06:08,564.75,564.87,564.75,564.87,,
2025-04-02 16:06:12,564.87,564.87,564.72,564.72,,
2025-04-02 16:06:16,564.8081,564.8081,564.72,564.7782,,
2025-04-02 16:06:20,564.71,564.72,564.67,564.7,,
2025-04-02 16:06:24,564.67,564.685,564.67,564.68,,
2025-04-02 16:06:28,564.7,564.75,564.6707,564.75,,
2025-04-02 16:06:32,564.73,564.73,564.73,564.73,,
2025-04-02 16:06:36,564.73,564.8,564.73,564.8,,
2025-04-02 16:06:40,564.8,564.88,564.8,564.88,,
2025-04-02 16:06:44,564.85,564.88,564.75,564.75,,
2025-04-02 16:06:48,564.75,564.75,564.69,564.7,,
2025-04-02 16:06:52,564.7,564.74,564.7,564.74,,
2025-04-02 16:06:56,564.75,564.75,564.75,564.75,,
2025-04-02 16:07:00,564.75,564.75,564.72,564.75,,
2025-04-02 16:07:04,564.74,564.75,564.67,564.7,,
2025-04-02 16:07:08,564.69,564.7,564.64,564.64,,
2025-04-02 16:07:12,564.6,564.6,564.46,564.46,,
2025-04-02 16:07:16,564.45,564.45,564.32,564.4014,,
2025-04-02 16:07:20,564.4,564.4,564.32,564.4,,
2025-04-02 16:07:24,564.38,564.45,564.36,564.45,,
2025-04-02 16:07:28,564.38,564.45,564.35,564.4,,
2025-04-02 16:07:32,564.4,564.43,564.39,564.39,,
2025-04-02 16:07:36,564.39,564.4,564.33,564.35,,
2025-04-02 16:07:40,564.4,564.4,564.21,564.21,,
2025-04-02 16:07:44,564.18,564.18,564.0,564.0,,
2025-04-02 16:07:48,564.0,564.03,563.9,564.01,,
2025-04-02 16:07:52,564.01,564.31,564.01,564.31,,
2025-04-02 16:07:56,564.2503,564.26,564.15,564.15,,
2025-04-02 16:08:00,564.18,564.1818,564.0,564.05,,
2025-04-02 16:08:04,564.18,564.18,564.05,564.05,,
2025-04-02 16:08:08,564.0,564.0,563.93,563.94,,
2025-04-02 16:08:12,563.91,564.1,563.91,564.1,,
2025-04-02 16:08:16,564.1,564.158,564.06,564.11,,
2025-04-02 16:08:20,564.11,564.11,564.05,564.05,,
2025-04-02 16:08:24,564.08,564.08,564.03,564.06,,
2025-04-02 16:08:28,564.03,564.03,563.85,563.86,,
2025-04-02 16:08:32,563.85,563.91,563.8,563.81,,
2025-04-02 16:08:36,563.83,564.64,563.8,564.05,,
2025-04-02 16:08:40,564.015,564.28,563.93,564.09,,
2025-04-02 16:08:44,564.07,564.35,564.0,564.28,,
2025-04-02 16:08:48,564.44,564.89,564.41,564.53,,
2025-04-02 16:08:52,564.54,564.54,563.74,564.01,,
2025-04-02 16:08:56,564.16,564.31,563.01,563.84,,
2025-04-02 16:09:00,563.93,564.1,563.93,564.01,,
2025-04-02 16:09:04,564.07,564.16,563.97,563.97,,
2025-04-02 16:09:08,564.1,564.9311,564.1,564.31,,
2025-04-02 16:09:12,564.32,564.38,564.08,564.13,,
2025-04-02 16:09:16,564.2,564.23,564.15,564.19,,
2025-04-02 16:09:20,564.18,564.2,564.1,564.16,,
2025-04-02 16:09:24,564.3,564.53,564.3,564.53,,
2025-04-02 16:09:28,564.41,564.51,564.38,564.51,,
2025-04-02 16:09:32,564.42,564.51,564.23,564.23,,
2025-04-02 16:09:36,564.33,564.33,564.15,564.18,,
2025-04-02 16:09:40,564.3,564.31,564.23,564.23,,
2025-04-02 16:09:44,564.2,564.21,564.0,564.0,,
2025-04-02 16:09:48,564.1,564.24,564.1,564.24,,
2025-04-02 16:09:52,564.21,564.21,564.0,564.03,,
2025-04-02 16:09:56,564.1096,564.16,564.05,564.16,,
2025-04-02 16:10:00,564.52,564.52,563.975,563.975,,
2025-04-02 16:10:04,563.92,563.997,563.881,563.93,,
2025-04-02 16:10:08,563.97,564.06,563.88,563.98,,
2025-04-02 16:10:12,563.93,564.01,563.93,564.01,,
2025-04-02 16:10:16,563.96,564.04,563.96,564.04,,
2025-04-02 16:10:20,564.04,564.05,564.0,564.0,,
2025-04-02 16:10:24,563.96,564.0,563.9,564.0,,
2025-04-02 16:10:28,564.0799,564.0799,563.6,563.96,,
2025-04-02 16:10:32,563.88,564.0,563.88,563.9801,,
2025-04-02 16:10:36,563.99,564.0,563.95,563.95,,
2025-04-02 16:10:40,563.945,563.98,563.945,563.98,,
2025-04-02 16:10:44,563.94,563.98,563.9,563.9,,
2025-04-02 16:10:48,563.93,563.93,563.9,563.92,,
2025-04-02 16:10:52,564.01,564.03,563.98,564.03,,
2025-04-02 16:10:56,564.03,564.1,564.02,564.1,,
2025-04-02 16:11:00,564.02,564.14,564.02,564.14,,
2025-04-02 16:11:04,564.03,564.07,564.0,564.0,,
2025-04-02 16:11:08,564.03,564.06,564.0,564.0,,
2025-04-02 16:11:12,563.95,563.99,563.9,563.96,,
2025-04-02 16:11:16,563.9,563.91,563.16,563.51,,
2025-04-02 16:11:20,563.43,563.6,563.29,563.46,,
2025-04-02 16:11:24,563.4601,563.5902,563.46,563.5902,,
2025-04-02 16:11:28,563.59,563.6,562.99,563.04,,
2025-04-02 16:11:32,563.12,563.34,563.1,563.21,,
2025-04-02 16:11:36,563.15,563.17,562.78,562.99,,
2025-04-02 16:11:40,562.99,563.13,562.89,563.02,,
2025-04-02 16:11:44,562.95,563.29,562.87,563.23,,
2025-04-02 16:11:48,563.22,563.4,563.21,563.26,,
2025-04-02 16:11:52,563.2311,563.27,563.2,563.2,,
2025-04-02 16:11:56,563.26,564.9498,563.26,564.9298,,
2025-04-02 16:12:00,563.44,563.48,563.19,563.37,,
2025-04-02 16:12:04,563.5,563.76,563.49,563.61,,
2025-04-02 16:12:08,563.52,563.7,563.52,563.68,,
2025-04-02 16:12:12,563.68,563.78,563.67,563.67,,
2025-04-02 16:12:16,563.64,563.8,563.6008,563.8,,
2025-04-02 16:12:20,563.83,563.83,563.76,563.76,,
2025-04-02 16:12:24,563.8,563.91,563.78,563.91,,
2025-04-02 16:12:28,563.89,563.94,563.89,563.94,,
2025-04-02 16:12:32,564.0,564.0,563.88,563.93,,
2025-04-02 16:12:36,563.93,564.14,563.93,564.08,,
2025-04-02 16:12:40,563.92,563.96,563.85,563.92,,
2025-04-02 16:12:44,563.92,563.96,563.86,563.9,,
2025-04-02 16:12:48,563.88,563.9,563.85,563.9,,
2025-04-02 16:12:52,563.92,563.93,563.5,563.5,,
2025-04-02 16:12:56,563.78,563.78,563.665,563.7,,
2025-04-02 16:13:00,563.71,563.78,563.67,563.73,,
2025-04-02 16:13:04,563.69,563.8,563.69,563.7913,,
2025-04-02 16:13:08,563.93,564.01,563.9,563.93,,
2025-04-02 16:13:12,564.01,566.0,563.87,565.9,,
2025-04-02 16:13:16,565.9,567.8,564.99,566.54,,
2025-04-02 16:13:20,566.55,567.43,565.99,566.84,,
2025-04-02 16:13:24,566.81,568.46,566.79,568.46,,
2025-04-02 16:13:28,568.37,569.27,568.03,568.19,,
2025-04-02 16:13:32,568.06,568.3098,567.0,567.42,,
2025-04-02 16:13:36,567.32,568.14,567.15,568.07,,
2025-04-02 16:13:40,567.98,568.07,567.34,567.34,,
2025-04-02 16:13:44,567.52,567.79,567.2,567.44,,
2025-04-02 16:13:48,567.59,568.33,566.85,566.98,,
2025-04-02 16:13:52,566.91,567.6,566.9,567.37,,
2025-04-02 16:13:56,567.37,568.0596,567.26,567.9817,,
2025-04-02 16:14:00,568.1,568.58,568.01,568.5,,
2025-04-02 16:14:04,568.57,569.47,568.38,569.47,,
2025-04-02 16:14:08,569.22,569.57,568.96,569.07,1.0,
2025-04-02 16:14:12,568.9,569.38,567.5,567.5,1.0,
2025-04-02 16:14:16,567.8308,568.59,567.42,568.31,,
2025-04-02 16:14:20,568.3,568.71,566.35,567.59,,
2025-04-02 16:14:24,567.62,568.5,567.61,568.26,,
2025-04-02 16:14:28,568.39,568.77,568.02,568.61,,
2025-04-02 16:14:32,568.5,568.85,568.08,568.33,1.0,
2025-04-02 16:14:36,568.07,568.3,567.76,567.94,1.0,
2025-04-02 16:14:40,568.08,568.35,567.81,567.86,,
2025-04-02 16:14:44,568.05,568.33,567.81,568.13,,
2025-04-02 16:14:48,568.1,568.23,567.9,567.99,,
2025-04-02 16:14:52,567.9083,568.32,567.81,568.28,,
2025-04-02 16:14:56,568.35,568.93,568.0,568.77,,
2025-04-02 16:15:00,568.775,568.81,568.47,568.8,1.0,
2025-04-02 16:15:04,568.79,568.97,564.52,568.8,1.0,
2025-04-02 16:15:08,568.7999,568.92,568.56,568.71,1.0,
2025-04-02 16:15:12,568.58,568.58,567.98,568.01,,
2025-04-02 16:15:16,568.14,568.75,568.06,568.35,,
2025-04-02 16:15:20,568.35,568.55,568.33,568.5,,
2025-04-02 16:15:24,568.48,568.72,568.24,568.41,,
2025-04-02 16:15:28,568.42,568.48,568.25,568.43,,
2025-04-02 16:15:32,568.38,568.8,568.38,568.72,,
2025-04-02 16:15:36,568.8,568.88,568.72,568.76,1.0,
2025-04-02 16:15:40,568.84,569.0,568.7211,568.94,1.0,
2025-04-02 16:15:44,568.92,568.99,568.59,568.59,1.0,
2025-04-02 16:15:48,568.6,568.78,568.49,568.52,,
2025-04-02 16:15:52,568.44,568.63,568.33,568.33,1.0,
2025-04-02 16:15:56,568.34,568.92,568.33,568.72,,
2025-04-02 16:16:00,568.79,568.98,568.68,568.77,1.0,
2025-04-02 16:16:04,568.74,569.28,568.72,569.05,1.0,
2025-04-02 16:16:08,568.88,568.97,568.6,568.6,1.0,
2025-04-02 16:16:12,568.59,569.0,568.57,568.75,,
2025-04-02 16:16:16,568.88,569.0,568.85,568.99,1.0,
2025-04-02 16:16:20,568.93,569.24,568.79,569.17,1.0,
2025-04-02 16:16:24,569.1101,569.37,569.11,569.37,1.0,
2025-04-02 16:16:28,569.3,569.42,569.07,569.42,1.0,
2025-04-02 16:16:32,569.41,569.74,569.36,569.55,1.0,
2025-04-02 16:16:36,569.61,569.99,569.61,569.99,1.0,
2025-04-02 16:16:40,569.98,570.1,569.85,569.96,1.0,
2025-04-02 16:16:44,569.88,570.45,569.88,570.27,1.0,
2025-04-02 16:16:48,570.35,570.43,570.03,570.19,1.0,
2025-04-02 16:16:52,570.08,570.1799,569.81,569.97,1.0,
2025-04-02 16:16:56,570.06,570.38,570.005,570.24,1.0,
2025-04-02 16:17:00,570.22,570.29,570.03,570.1,1.0,
2025-04-02 16:17:04,570.1012,570.72,570.1012,570.63,1.0,
2025-04-02 16:17:08,570.6201,570.79,570.14,570.55,1.0,
2025-04-02 16:17:12,570.59,570.69,569.94,569.94,1.0,
2025-04-02 16:17:16,569.89,570.13,569.56,569.63,1.0,
2025-04-02 16:17:20,569.63,570.0,569.51,569.72,1.0,
2025-04-02 16:17:24,569.69,570.1,569.64,569.8366,1.0,
2025-04-02 16:17:28,569.79,569.79,569.33,569.35,1.0,
2025-04-02 16:17:32,569.37,569.47,569.16,569.22,1.0,
2025-04-02 16:17:36,569.21,569.22,569.06,569.22,1.0,
2025-04-02 16:17:40,569.24,569.56,569.17,569.48,1.0,
2025-04-02 16:17:44,569.36,569.43,569.26,569.37,1.0,
2025-04-02 16:17:48,569.4,569.54,569.37,569.4301,1.0,
2025-04-02 16:17:52,569.59,569.61,569.16,569.205,1.0,
2025-04-02 16:17:56,569.28,569.5,569.2412,569.34,1.0,
2025-04-02 16:18:00,569.3985,569.53,569.21,569.3901,1.0,
2025-04-02 16:18:04,569.37,569.64,569.25,569.61,1.0,
2025-04-02 16:18:08,569.6815,569.7999,569.25,569.25,1.0,
2025-04-02 16:18:12,569.33,569.47,569.06,569.09,1.0,
2025-04-02 16:18:16,569.16,569.25,569.07,569.2497,1.0,
2025-04-02 16:18:20,569.25,569.31,569.17,569.31,1.0,
2025-04-02 16:18:24,569.27,569.34,568.97,568.97,1.0,
2025-04-02 16:18:28,569.0,569.06,568.22,568.48,1.0,
2025-04-02 16:18:32,568.5,568.61,568.3003,568.5206,1.0,
2025-04-02 16:18:36,568.55,568.74,568.25,568.3585,1.0,
2025-04-02 16:18:40,568.42,568.53,568.09,568.09,1.0,
2025-04-02 16:18:44,568.0411,568.35,567.67,567.81,1.0,
2025-04-02 16:18:48,567.7,568.0,567.69,568.0,,
2025-04-02 16:18:52,568.0,568.06,567.75,567.76,,
2025-04-02 16:18:56,567.7,567.96,567.64,567.89,,
2025-04-02 16:19:00,567.78,568.13,567.62,567.94,,
2025-04-02 16:19:04,567.91,568.36,567.78,568.1801,,
2025-04-02 16:19:08,568.03,568.41,568.03,568.2,,
2025-04-02 16:19:12,568.22,568.43,568.1,568.43,,
2025-04-02 16:19:16,568.38,568.46,568.3,568.43,,
2025-04-02 16:19:20,568.3022,568.43,568.06,568.08,,
2025-04-02 16:19:24,568.07,568.1794,568.0,568.17,,
2025-04-02 16:19:28,568.18,568.64,568.06,568.39,,
2025-04-02 16:19:32,568.52,568.65,568.36,568.42,1.0,
2025-04-02 16:19:36,568.44,568.55,568.13,568.16,1.0,
2025-04-02 16:19:40,568.31,568.42,568.14,568.29,,
2025-04-02 16:19:44,568.27,568.37,568.15,568.22,,
2025-04-02 16:19:48,568.35,568.7,568.33,568.7,,
2025-04-02 16:19:52,568.42,568.97,568.41,568.96,1.0,
2025-04-02 16:19:56,568.97,568.99,568.82,568.94,1.0,
2025-04-02 16:20:00,568.99,569.21,568.84,568.9985,1.0,
2025-04-02 16:20:04,568.9,569.06,568.74,568.82,1.0,
2025-04-02 16:20:08,568.7,568.8,568.15,568.25,1.0,
2025-04-02 16:20:12,568.37,568.51,568.08,568.08,,
2025-04-02 16:20:16,568.04,568.1395,567.66,567.76,,
2025-04-02 16:20:20,567.83,568.13,567.77,567.9588,,
2025-04-02 16:20:24,567.97,568.14,567.89,568.11,,
2025-04-02 16:20:28,568.08,568.34,568.06,568.22,,
2025-04-02 16:20:32,568.25,568.29,568.06,568.11,,
2025-04-02 16:20:36,568.07,568.09,567.75,567.935,,
2025-04-02 16:20:40,567.81,568.23,567.81,568.23,,
2025-04-02 16:20:44,568.24,568.24,567.91,567.91,,
2025-04-02 16:20:48,567.98,567.99,567.64,567.69,,
2025-04-02 16:20:52,567.62,567.74,567.09,567.21,,
2025-04-02 16:20:56,567.3,567.79,567.19,567.68,,
2025-04-02 16:21:00,567.66,567.69,567.11,567.22,,
2025-04-02 16:21:04,567.22,567.54,567.22,567.28,,
2025-04-02 16:21:08,567.3,567.31,566.83,566.97,,
2025-04-02 16:21:12,566.915,567.13,566.75,567.129,,
2025-04-02 16:21:16,567.12,567.13,566.96,567.04,,
2025-04-02 16:21:20,567.05,567.13,566.99,567.04,,
2025-04-02 16:21:24,567.08,567.08,566.36,566.828,,
2025-04-02 16:21:28,566.86,567.03,566.76,566.96,,
2025-04-02 16:21:32,566.93,566.93,566.72,566.83,,
2025-04-02 16:21:36,566.86,567.09,566.76,566.9717,,
2025-04-02 16:21:40,567.09,567.33,566.97,567.28,,
2025-04-02 16:21:44,567.39,567.52,567.35,567.37,,
2025-04-02 16:21:48,567.42,567.43,567.25,567.42,,
2025-04-02 16:21:52,567.355,567.57,567.19,567.57,,
2025-04-02 16:21:56,567.54,567.6,567.27,567.3,,
2025-04-02 16:22:00,567.3782,567.7,567.1,567.68,,
2025-04-02 16:22:04,567.63,568.07,567.62,568.02,,
2025-04-02 16:22:08,567.77,568.35,567.7,568.06,,
2025-04-02 16:22:12,568.0811,568.32,568.08,568.18,,
2025-04-02 16:22:16,568.1,568.49,568.03,568.39,,
2025-04-02 16:22:20,568.47,568.74,568.1,568.25,1.0,
2025-04-02 16:22:24,568.22,568.45,568.06,568.39,1.0,
2025-04-02 16:22:28,568.31,568.34,568.04,568.21,1.0,
2025-04-02 16:22:32,568.3388,568.34,567.99,568.0,1.0,
2025-04-02 16:22:36,568.02,568.02,567.84,567.96,,
2025-04-02 16:22:40,567.98,568.04,567.8,567.89,,
2025-04-02 16:22:44,567.9,567.91,567.65,567.735,,
2025-04-02 16:22:48,567.7,567.85,567.6,567.75,,
2025-04-02 16:22:52,567.75,567.85,567.7,567.82,,
2025-04-02 16:22:56,567.89,568.02,567.89,567.9,,
2025-04-02 16:23:00,567.8417,567.91,567.59,567.59,,
2025-04-02 16:23:04,567.64,568.02,567.49,568.02,,
2025-04-02 16:23:08,568.0,568.13,567.81,568.13,,
2025-04-02 16:23:12,568.12,568.36,568.0,568.36,1.0,
2025-04-02 16:23:16,568.25,568.43,568.21,568.3,1.0,
2025-04-02 16:23:20,568.33,568.44,568.18,568.44,1.0,
2025-04-02 16:23:24,568.33,568.41,568.13,568.255,1.0,
2025-04-02 16:23:28,568.19,568.27,568.1301,568.18,1.0,
2025-04-02 16:23:32,568.17,568.2599,567.92,568.2599,1.0,
2025-04-02 16:23:36,568.13,568.19,568.06,568.07,1.0,
2025-04-02 16:23:40,568.06,568.17,568.06,568.08,,
2025-04-02 16:23:44,568.07,568.09,567.98,568.07,1.0,
2025-04-02 16:23:48,568.03,568.17,567.97,568.04,,
2025-04-02 16:23:52,568.1,568.26,568.09,568.2,,
2025-04-02 16:23:56,568.23,568.44,568.23,568.44,1.0,
2025-04-02 16:24:00,568.24,568.54,568.23,568.46,1.0,
2025-04-02 16:24:04,568.4,568.51,568.4,568.44,1.0,
2025-04-02 16:24:08,568.44,568.68,568.42,568.5,1.0,
2025-04-02 16:24:12,568.44,568.5588,568.4,568.4,1.0,
2025-04-02 16:24:16,568.46,568.55,568.45,568.53,1.0,
2025-04-02 16:24:20,568.45,568.54,568.27,568.27,1.0,
2025-04-02 16:24:24,568.45,568.45,568.17,568.17,1.0,
2025-04-02 16:24:28,568.17,568.29,568.1,568.19,1.0,
2025-04-02 16:24:32,568.17,568.22,568.06,568.14,1.0,
2025-04-02 16:24:36,568.19,568.2,568.19,568.19,1.0,
2025-04-02 16:24:40,568.22,568.31,568.17,568.19,1.0,
2025-04-02 16:24:44,568.185,568.42,568.1401,568.4,1.0,
2025-04-02 16:24:48,568.46,568.46,568.2,568.23,1.0,
2025-04-02 16:24:52,568.18,568.53,568.18,568.4699,1.0,
2025-04-02 16:24:56,568.48,568.67,568.48,568.64,1.0,
2025-04-02 16:25:00,568.71,568.96,568.5,568.96,1.0,
2025-04-02 16:25:04,568.79,569.0,568.65,568.95,1.0,
2025-04-02 16:25:08,568.86,568.94,567.62,567.8175,1.0,
2025-04-02 16:25:12,567.84,567.9193,567.01,567.26,1.0,
2025-04-02 16:25:16,567.33,568.14,567.0,567.66,,
2025-04-02 16:25:20,567.77,568.15,567.61,567.74,,
2025-04-02 16:25:24,567.82,568.0,567.69,567.99,,
2025-04-02 16:25:28,567.89,568.1,567.55,567.56,1.0,
2025-04-02 16:25:32,567.51,567.9,567.4315,567.9,,
2025-04-02 16:25:36,567.835,567.97,567.7604,567.7604,,
2025-04-02 16:25:40,567.74,568.51,567.32,568.49,,
2025-04-02 16:25:44,568.5,568.53,567.91,568.05,1.0,
2025-04-02 16:25:48,568.15,568.53,568.0,568.5,1.0,
2025-04-02 16:25:52,568.4637,568.75,568.2,568.29,1.0,
2025-04-02 16:25:56,568.23,568.5,567.5,568.32,1.0,
2025-04-02 16:26:00,568.39,568.92,568.29,568.4901,1.0,
2025-04-02 16:26:04,568.61,568.8513,568.5513,568.63,1.0,
2025-04-02 16:26:08,568.5,569.0,568.43,569.0,1.0,
2025-04-02 16:26:12,568.86,569.06,568.28,568.39,1.0,
2025-04-02 16:26:16,568.29,568.31,568.01,568.15,1.0,
2025-04-02 16:26:20,568.15,568.22,567.63,567.71,1.0,
2025-04-02 16:26:24,567.67,567.94,567.25,567.56,,
2025-04-02 16:26:28,567.63,567.98,567.41,567.77,,
2025-04-02 16:26:32,567.64,567.66,567.02,567.28,,
2025-04-02 16:26:36,567.24,567.54,566.99,567.09,,
2025-04-02 16:26:40,567.02,567.08,566.17,566.37,,
2025-04-02 16:26:44,566.37,566.37,564.25,564.77,,
2025-04-02 16:26:48,564.49,565.49,563.7,565.26,,
2025-04-02 16:26:52,566.1,566.1,565.08,565.47,,
2025-04-02 16:26:56,565.31,565.45,563.33,563.34,,
2025-04-02 16:27:00,563.34,563.65,563.0,563.48,,
2025-04-02 16:27:04,563.31,563.43,560.77,560.87,,
2025-04-02 16:27:08,560.81,561.75,560.25,560.62,-1.0,Change in market dynamics identified at 16:27:08
2025-04-02 16:27:12,560.63,561.1,560.04,560.24,-1.0,
2025-04-02 16:27:16,560.08,560.58,559.83,560.46,-1.0,
2025-04-02 16:27:20,560.14,562.63,559.85,562.07,-1.0,
2025-04-02 16:27:24,562.18,562.63,561.42,562.18,,
2025-04-02 16:27:28,562.31,562.63,562.04,562.46,,
2025-04-02 16:27:32,562.47,563.0,561.92,561.98,,
2025-04-02 16:27:36,561.81,561.98,560.58,560.68,,
2025-04-02 16:27:40,560.75,560.75,560.05,560.2,-1.0,
2025-04-02 16:27:44,560.12,561.0,559.11,559.6,-1.0,
2025-04-02 16:27:48,559.59,560.65,559.5,560.57,-1.0,
2025-04-02 16:27:52,560.47,560.95,560.13,560.38,-1.0,
2025-04-02 16:27:56,560.26,560.7,559.62,559.62,-1.0,
2025-04-02 16:28:00,559.74,559.85,558.85,559.32,-1.0,
2025-04-02 16:28:04,559.31,559.89,557.96,558.04,-1.0,
2025-04-02 16:28:08,557.94,558.36,557.32,557.8,-1.0,
2025-04-02 16:28:12,557.57,557.7,556.49,556.49,-1.0,
2025-04-02 16:28:16,556.41,557.4,556.06,556.54,-1.0,
2025-04-02 16:28:20,556.3301,557.5,556.16,557.21,-1.0,
2025-04-02 16:28:24,557.2,557.21,556.53,556.62,-1.0,
2025-04-02 16:28:28,556.7,558.0,556.0,557.25,-1.0,
2025-04-02 16:28:32,557.28,564.52,556.75,557.5,-1.0,
2025-04-02 16:28:36,557.64,558.73,557.01,558.73,-1.0,
2025-04-02 16:28:40,558.5,559.78,557.95,558.73,-1.0,
2025-04-02 16:28:44,558.62,558.715,557.5,558.19,-1.0,
2025-04-02 16:28:48,558.08,558.82,558.08,558.67,-1.0,
2025-04-02 16:28:52,558.62,558.9,558.0,558.0317,-1.0,
2025-04-02 16:28:56,558.17,558.75,557.36,557.7,-1.0,
2025-04-02 16:29:00,557.82,558.93,557.79,558.5007,-1.0,
2025-04-02 16:29:04,558.97,558.98,558.0,558.62,-1.0,
2025-04-02 16:29:08,558.77,558.77,557.5,557.5,-1.0,
2025-04-02 16:29:12,557.56,557.85,557.5,557.56,-1.0,
2025-04-02 16:29:16,557.57,557.65,557.26,557.3704,-1.0,
2025-04-02 16:29:20,557.75,558.33,557.5,557.75,-1.0,
2025-04-02 16:29:24,557.67,557.89,556.98,557.21,-1.0,
2025-04-02 16:29:28,557.6,557.6,557.0,557.34,-1.0,
2025-04-02 16:29:32,557.07,557.6,556.75,556.75,-1.0,
2025-04-02 16:29:36,556.95,557.0,556.59,556.74,-1.0,
2025-04-02 16:29:40,556.7345,557.43,556.54,557.22,-1.0,
2025-04-02 16:29:44,557.2,557.2,556.42,556.63,-1.0,
2025-04-02 16:29:48,556.83,557.13,556.65,556.73,-1.0,
2025-04-02 16:29:52,556.73,556.85,555.79,555.79,-1.0,
2025-04-02 16:29:56,555.87,556.99,555.49,556.47,-1.0,
2025-04-02 16:30:00,556.62,556.74,555.42,555.62,-1.0,
2025-04-02 16:30:04,555.45,555.45,554.4,554.56,-1.0,
2025-04-02 16:30:08,554.53,554.7299,553.9992,554.72,-1.0,
2025-04-02 16:30:12,554.57,555.01,553.91,554.33,-1.0,
2025-04-02 16:30:16,554.37,555.0,554.19,554.88,-1.0,
2025-04-02 16:30:20,554.99,555.6,554.72,555.16,-1.0,
2025-04-02 16:30:24,555.15,556.5,554.7,555.86,-1.0,
2025-04-02 16:30:28,555.78,556.39,555.58,555.75,-1.0,
2025-04-02 16:30:32,555.84,556.43,555.7901,555.97,-1.0,
2025-04-02 16:30:36,555.85,556.13,555.15,555.39,-1.0,
2025-04-02 16:30:40,555.39,555.69,555.11,555.4001,-1.0,
2025-04-02 16:30:44,555.56,555.78,555.11,555.41,-1.0,
2025-04-02 16:30:48,555.63,555.8,555.21,555.48,-1.0,
2025-04-02 16:30:52,555.45,555.48,554.68,554.9593,-1.0,
2025-04-02 16:30:56,554.92,555.5,554.8,554.91,-1.0,
2025-04-02 16:31:00,554.93,554.93,554.39,554.39,-1.0,
2025-04-02 16:31:04,554.5,554.61,554.055,554.32,-1.0,
2025-04-02 16:31:08,554.44,555.31,554.16,555.23,-1.0,
2025-04-02 16:31:12,555.06,555.5,554.97,555.32,-1.0,
2025-04-02 16:31:16,555.45,555.68,555.3,555.5,-1.0,
2025-04-02 16:31:20,555.51,555.78,555.0,555.18,-1.0,
2025-04-02 16:31:24,555.13,556.0,555.0,555.75,-1.0,
2025-04-02 16:31:28,555.72,556.5,555.37,555.73,-1.0,
2025-04-02 16:31:32,555.6,556.52,555.44,556.47,-1.0,
2025-04-02 16:31:36,556.32,557.11,556.24,557.1,-1.0,
2025-04-02 16:31:40,557.07,557.2,556.63,556.75,-1.0,
2025-04-02 16:31:44,557.0,557.62,556.97,557.16,-1.0,
2025-04-02 16:31:48,557.23,557.54,556.61,557.54,-1.0,
2025-04-02 16:31:52,557.41,557.99,557.35,557.85,-1.0,
2025-04-02 16:31:56,557.66,558.5,557.66,558.15,-1.0,
2025-04-02 16:32:00,558.22,558.33,557.69,557.79,-1.0,
2025-04-02 16:32:04,557.75,557.75,555.89,555.89,-1.0,
2025-04-02 16:32:08,555.86,556.01,555.2962,555.47,-1.0,
2025-04-02 16:32:12,555.8,556.71,555.54,556.32,-1.0,
2025-04-02 16:32:16,556.51,556.8,555.9,556.235,-1.0,
2025-04-02 16:32:20,556.38,556.44,556.0,556.01,-1.0,
2025-04-02 16:32:24,556.08,556.58,555.9,556.57,-1.0,
2025-04-02 16:32:28,556.6,556.76,556.05,556.52,-1.0,
2025-04-02 16:32:32,556.5,556.85,556.33,556.82,-1.0,
2025-04-02 16:32:36,556.85,556.85,556.47,556.56,-1.0,
2025-04-02 16:32:40,556.6,556.8,556.0,556.4601,-1.0,
2025-04-02 16:32:44,556.5,557.7,556.34,557.315,-1.0,
2025-04-02 16:32:48,557.03,557.26,556.8,556.94,-1.0,
2025-04-02 16:32:52,556.93,557.31,556.93,557.21,-1.0,
2025-04-02 16:32:56,557.21,557.41,557.16,557.39,-1.0,
2025-04-02 16:33:00,557.21,557.21,556.6,556.9,-1.0,
2025-04-02 16:33:04,556.86,556.96,556.56,556.91,-1.0,
2025-04-02 16:33:08,556.91,557.0,556.43,556.86,-1.0,
2025-04-02 16:33:12,556.84,557.0,556.6519,557.0,-1.0,
2025-04-02 16:33:16,557.0,557.17,556.51,556.51,-1.0,
2025-04-02 16:33:20,556.6,556.6,556.24,556.43,-1.0,
2025-04-02 16:33:24,556.24,556.58,556.11,556.54,-1.0,
2025-04-02 16:33:28,556.49,556.5,556.18,556.24,-1.0,
2025-04-02 16:33:32,556.25,556.6,556.25,556.45,-1.0,
2025-04-02 16:33:36,556.3401,556.44,556.04,556.19,-1.0,
2025-04-02 16:33:40,556.22,556.22,555.62,555.65,-1.0,
2025-04-02 16:33:44,555.67,555.79,555.58,555.72,-1.0,
2025-04-02 16:33:48,555.72,555.73,555.35,555.37,-1.0,
2025-04-02 16:33:52,555.35,555.83,555.35,555.65,-1.0,
2025-04-02 16:33:56,555.6,555.8128,555.35,555.35,-1.0,
2025-04-02 16:34:00,555.35,555.51,555.25,555.48,-1.0,
2025-04-02 16:34:04,555.45,555.45,555.23,555.39,-1.0,
2025-04-02 16:34:08,555.34,555.44,555.0,555.26,-1.0,
2025-04-02 16:34:12,555.28,555.41,555.18,555.21,-1.0,
2025-04-02 16:34:16,555.21,555.33,555.12,555.23,-1.0,
2025-04-02 16:34:20,555.21,556.0,555.21,555.78,-1.0,
2025-04-02 16:34:24,555.75,555.75,555.35,555.43,-1.0,
2025-04-02 16:34:28,555.43,555.9,555.3522,555.65,-1.0,
2025-04-02 16:34:32,555.69,555.79,555.4,555.67,-1.0,
2025-04-02 16:34:36,555.62,555.75,555.0,555.75,-1.0,
2025-04-02 16:34:40,555.75,556.16,555.72,556.1,-1.0,
2025-04-02 16:34:44,556.16,556.3,555.64,555.64,-1.0,
2025-04-02 16:34:48,555.59,555.7391,555.55,555.6497,-1.0,
2025-04-02 16:34:52,555.63,555.74,555.54,555.61,-1.0,
2025-04-02 16:34:56,555.64,556.0,555.55,555.84,-1.0,
2025-04-02 16:35:00,555.8,556.47,555.6547,556.3117,-1.0,
2025-04-02 16:35:04,556.4,556.53,556.25,556.41,-1.0,
2025-04-02 16:35:08,556.37,556.37,556.02,556.34,-1.0,
2025-04-02 16:35:12,556.2899,556.89,556.27,556.73,-1.0,
2025-04-02 16:35:16,556.52,556.6,556.2701,556.385,-1.0,
2025-04-02 16:35:20,556.38,556.45,555.96,556.1,-1.0,
2025-04-02 16:35:24,556.09,556.35,556.0,556.35,-1.0,
2025-04-02 16:35:28,556.32,556.65,556.0,556.41,-1.0,
2025-04-02 16:35:32,556.44,556.6299,556.17,556.32,-1.0,
2025-04-02 16:35:36,556.39,556.65,556.0201,556.17,-1.0,
2025-04-02 16:35:40,556.08,556.31,556.03,556.2301,-1.0,
2025-04-02 16:35:44,556.34,556.43,556.23,556.29,-1.0,
2025-04-02 16:35:48,556.29,561.165,555.97,556.24,-1.0,
2025-04-02 16:35:52,556.25,556.25,556.0,556.11,-1.0,
2025-04-02 16:35:56,556.1,556.13,555.85,556.0,-1.0,
2025-04-02 16:36:00,555.99,556.0,555.71,555.89,-1.0,
2025-04-02 16:36:04,555.79,556.0,555.67,555.76,-1.0,
2025-04-02 16:36:08,555.8,556.04,555.69,556.0,-1.0,
2025-04-02 16:36:12,555.95,556.0,555.55,555.55,-1.0,
2025-04-02 16:36:16,555.5347,555.72,555.42,555.5205,-1.0,
2025-04-02 16:36:20,555.52,555.6587,555.36,555.56,-1.0,
2025-04-02 16:36:24,555.585,555.585,555.25,555.36,-1.0,
2025-04-02 16:36:28,555.25,555.28,555.02,555.22,-1.0,
2025-04-02 16:36:32,555.02,555.24,554.5,554.76,-1.0,
2025-04-02 16:36:36,554.64,555.38,554.45,554.5,-1.0,
2025-04-02 16:36:40,554.5,554.98,554.41,554.72,-1.0,
2025-04-02 16:36:44,554.8,554.8,554.5,554.53,-1.0,
2025-04-02 16:36:48,554.57,554.71,554.5,554.67,-1.0,
2025-04-02 16:36:52,554.61,554.71,554.3877,554.3877,-1.0,
2025-04-02 16:36:56,554.36,554.36,553.75,554.04,-1.0,
2025-04-02 16:37:00,553.93,555.12,553.86,554.335,-1.0,Trump announcement at 16:37
2025-04-02 16:37:04,554.32,554.4,554.01,554.32,-1.0,
2025-04-02 16:37:08,554.21,554.22,553.64,553.86,-1.0,
2025-04-02 16:37:12,553.91,554.01,553.5,554.0,-1.0,
2025-04-02 16:37:16,553.97,554.12,553.83,553.83,-1.0,
2025-04-02 16:37:20,553.93,553.95,553.0,553.25,-1.0,
2025-04-02 16:37:24,553.25,553.44,552.75,552.76,-1.0,
2025-04-02 16:37:28,552.8,552.8986,552.39,552.59,-1.0,
2025-04-02 16:37:32,552.669,553.64,552.23,552.245,-1.0,
2025-04-02 16:37:36,552.25,553.0,552.21,552.6015,-1.0,
2025-04-02 16:37:40,552.61,552.76,551.9901,552.0,-1.0,
2025-04-02 16:37:44,552.01,561.165,551.7,551.949,-1.0,
2025-04-02 16:37:48,551.89,551.93,551.52,551.52,-1.0,
2025-04-02 16:37:52,551.5212,552.42,551.5,552.2001,-1.0,
2025-04-02 16:37:56,552.16,552.42,551.73,552.1,-1.0,
2025-04-02 16:38:00,552.09,552.32,551.87,551.96,-1.0,
2025-04-02 16:38:04,551.94,551.99,551.5,551.5,-1.0,
2025-04-02 16:38:08,551.51,552.0,551.25,551.61,-1.0,
2025-04-02 16:38:12,551.565,552.11,551.4014,551.82,-1.0,
2025-04-02 16:38:16,551.76,552.34,551.72,552.25,-1.0,
2025-04-02 16:38:20,552.25,552.32,551.8,551.967,-1.0,
2025-04-02 16:38:24,551.84,552.31,551.75,551.84,-1.0,
2025-04-02 16:38:28,551.98,552.08,551.56,551.56,-1.0,
2025-04-02 16:38:32,551.55,552.03,551.45,551.93,-1.0,
2025-04-02 16:38:36,551.85,551.99,551.7445,551.9,-1.0,
2025-04-02 16:38:40,551.94,552.9,551.88,552.27,-1.0,
2025-04-02 16:38:44,552.12,552.23,550.997,552.155,-1.0,
2025-04-02 16:38:48,552.16,552.38,551.98,552.265,-1.0,
2025-04-02 16:38:52,552.26,552.76,552.23,552.76,-1.0,
2025-04-02 16:38:56,552.74,552.92,552.65,552.92,-1.0,
2025-04-02 16:39:00,552.9,553.56,552.6,553.39,-1.0,
2025-04-02 16:39:04,553.45,553.5,552.8,553.0,-1.0,
2025-04-02 16:39:08,553.01,553.66,552.71,553.6,-1.0,
2025-04-02 16:39:12,553.6,553.94,552.96,553.33,-1.0,
2025-04-02 16:39:16,553.41,553.41,553.12,553.29,-1.0,
2025-04-02 16:39:20,553.21,553.7181,553.1801,553.6,-1.0,
2025-04-02 16:39:24,553.61,553.78,553.48,553.62,-1.0,
2025-04-02 16:39:28,553.75,553.75,553.44,553.59,-1.0,
2025-04-02 16:39:32,553.48,553.67,553.36,553.5981,-1.0,
2025-04-02 16:39:36,553.56,553.6,553.3903,553.5486,-1.0,
2025-04-02 16:39:40,553.51,553.59,553.31,553.49,-1.0,
2025-04-02 16:39:44,553.49,553.695,553.45,553.65,-1.0,
2025-04-02 16:39:48,553.69,553.75,553.0,553.75,-1.0,
2025-04-02 16:39:52,553.7,553.74,553.6,553.6399,-1.0,
2025-04-02 16:39:56,553.54,553.61,553.39,553.43,-1.0,
2025-04-02 16:40:00,553.48,553.48,553.14,553.45,-1.0,
2025-04-02 16:40:04,553.476,553.7,553.24,553.29,-1.0,
2025-04-02 16:40:08,553.3,553.5,553.26,553.5,-1.0,
2025-04-02 16:40:12,553.48,553.61,553.03,553.17,-1.0,
2025-04-02 16:40:16,553.16,553.2,552.82,552.86,-1.0,
2025-04-02 16:40:20,553.0,553.41,552.9001,553.3001,-1.0,
2025-04-02 16:40:24,553.3,553.399,552.99,553.0,-1.0,
2025-04-02 16:40:28,552.975,553.11,552.78,553.02,-1.0,
2025-04-02 16:40:32,552.98,553.0,552.81,552.81,-1.0,
2025-04-02 16:40:36,552.9278,553.0,552.76,552.78,-1.0,
2025-04-02 16:40:40,552.78,552.78,552.4,552.58,-1.0,
2025-04-02 16:40:44,552.7,552.92,552.25,552.6384,-1.0,
2025-04-02 16:40:48,552.55,552.81,552.0,552.39,-1.0,
2025-04-02 16:40:52,552.31,552.5,552.13,552.21,-1.0,
2025-04-02 16:40:56,552.41,552.63,552.1802,552.48,-1.0,
2025-04-02 16:41:00,552.53,552.6,552.0,552.42,-1.0,
2025-04-02 16:41:04,552.48,552.59,552.23,552.38,-1.0,
2025-04-02 16:41:08,552.48,552.73,552.45,552.68,-1.0,
2025-04-02 16:41:12,552.69,553.0,552.28,552.39,-1.0,
2025-04-02 16:41:16,552.43,553.12,552.3,552.58,-1.0,
2025-04-02 16:41:20,552.7,552.71,552.41,552.5,-1.0,
2025-04-02 16:41:24,552.5,552.51,551.97,552.17,-1.0,
2025-04-02 16:41:28,552.2,552.25,551.99,552.0,-1.0,
2025-04-02 16:41:32,552.0,552.19,551.99,552.0,-1.0,
2025-04-02 16:41:36,552.08,552.2,551.68,551.75,-1.0,
2025-04-02 16:41:40,551.7285,551.83,551.44,551.51,-1.0,
2025-04-02 16:41:44,551.5094,551.565,551.11,551.27,-1.0,
2025-04-02 16:41:48,551.43,552.5,551.33,552.5,-1.0,
2025-04-02 16:41:52,552.0,552.5,551.5,552.0,-1.0,
2025-04-02 16:41:56,551.99,552.56,551.5,551.51,-1.0,
2025-04-02 16:42:00,552.5,553.2,551.53,552.5,-1.0,
2025-04-02 16:42:04,552.5,553.3282,551.97,551.98,-1.0,
2025-04-02 16:42:08,552.0,553.29,551.93,553.28,-1.0,
2025-04-02 16:42:12,552.86,561.165,552.2,553.1,-1.0,
2025-04-02 16:42:16,552.15,553.38,552.15,553.38,-1.0,
2025-04-02 16:42:20,552.68,553.35,552.54,552.9687,-1.0,
2025-04-02 16:42:24,553.0,553.3,552.67,553.18,-1.0,
2025-04-02 16:42:28,552.98,553.19,552.2,552.6,-1.0,
2025-04-02 16:42:32,553.0,553.0,552.5,552.8,-1.0,
2025-04-02 16:42:36,552.8,552.96,552.5,552.5,-1.0,
2025-04-02 16:42:40,552.59,552.96,552.25,552.4,-1.0,
2025-04-02 16:42:44,552.25,552.95,552.25,552.41,-1.0,
2025-04-02 16:42:48,552.45,552.95,552.3707,552.41,-1.0,
2025-04-02 16:42:52,552.595,552.75,552.5,552.64,-1.0,
2025-04-02 16:42:56,552.6491,552.6491,552.51,552.55,-1.0,
2025-04-02 16:43:00,552.5899,552.5899,552.25,552.41,-1.0,
2025-04-02 16:43:04,552.35,552.45,552.25,552.42,-1.0,
2025-04-02 16:43:08,552.25,552.5,552.25,552.42,-1.0,
2025-04-02 16:43:12,552.43,552.64,552.42,552.6,-1.0,
2025-04-02 16:43:16,552.525,552.64,552.24,552.25,-1.0,
2025-04-02 16:43:20,552.26,552.75,552.08,552.34,-1.0,
2025-04-02 16:43:24,552.1,552.34,551.47,551.6,-1.0,
2025-04-02 16:43:28,551.5,551.5,551.15,551.4,-1.0,
2025-04-02 16:43:32,551.27,551.4,551.18,551.2,-1.0,
2025-04-02 16:43:36,551.29,551.4,551.12,551.4,-1.0,
2025-04-02 16:43:40,551.33,551.4,551.25,551.33,-1.0,
2025-04-02 16:43:44,551.39,552.0,551.25,551.9,-1.0,
2025-04-02 16:43:48,551.73,552.0,551.01,551.09,-1.0,
2025-04-02 16:43:52,551.09,551.59,551.0,551.5,-1.0,
2025-04-02 16:43:56,551.31,551.55,550.75,550.86,-1.0,
2025-04-02 16:44:00,550.75,550.88,550.54,550.64,-1.0,
2025-04-02 16:44:04,550.71,550.86,550.46,550.79,-1.0,
2025-04-02 16:44:08,550.76,566.3735,550.525,550.91,-1.0,
2025-04-02 16:44:12,550.85,551.48,550.84,551.48,-1.0,
2025-04-02 16:44:16,551.44,551.7,551.32,551.44,-1.0,
2025-04-02 16:44:20,551.44,551.73,551.2,551.28,-1.0,
2025-04-02 16:44:24,551.21,551.715,551.16,551.29,-1.0,
2025-04-02 16:44:28,551.4,551.6,551.3,551.46,-1.0,
2025-04-02 16:44:32,551.48,551.94,551.42,551.74,-1.0,
2025-04-02 16:44:36,551.89,566.3735,551.88,552.55,-1.0,
2025-04-02 16:44:40,552.54,552.59,552.06,552.28,-1.0,
2025-04-02 16:44:44,552.3,552.58,552.2,552.51,-1.0,
2025-04-02 16:44:48,552.46,552.59,552.354,552.58,-1.0,
2025-04-02 16:44:52,552.45,552.57,552.43,552.53,-1.0,
2025-04-02 16:44:56,552.47,552.57,552.17,552.31,-1.0,
2025-04-02 16:45:00,552.3,552.47,552.0,552.2,-1.0,
2025-04-02 16:45:04,552.2,552.2,532.0044,551.8101,-1.0,
2025-04-02 16:45:08,552.0,552.0,551.28,551.44,-1.0,
2025-04-02 16:45:12,551.52,552.35,551.35,551.64,-1.0,
2025-04-02 16:45:16,551.76,551.97,523.6927,551.66,-1.0,
2025-04-02 16:45:20,551.66,551.7075,528.5391,551.299,-1.0,
2025-04-02 16:45:24,551.25,551.5,551.07,551.13,-1.0,
2025-04-02 16:45:28,551.36,551.82,551.2545,551.72,-1.0,
2025-04-02 16:45:32,551.755,551.87,551.52,551.82,-1.0,
2025-04-02 16:45:36,551.82,551.97,551.55,551.97,-1.0,
2025-04-02 16:45:40,551.94,552.4,551.92,552.25,-1.0,
2025-04-02 16:45:44,552.26,552.67,552.26,552.52,-1.0,
2025-04-02 16:45:48,552.375,553.4,552.375,553.04,-1.0,
2025-04-02 16:45:52,553.1,553.1,552.44,552.74,-1.0,
2025-04-02 16:45:56,552.78,552.94,552.5,552.5001,-1.0,
2025-04-02 16:46:00,552.5,552.59,552.35,552.415,-1.0,
2025-04-02 16:46:04,552.51,552.58,523.58,552.25,-1.0,
2025-04-02 16:46:08,552.24,552.24,551.95,551.97,-1.0,
2025-04-02 16:46:12,552.08,552.1199,551.85,551.93,-1.0,
2025-04-02 16:46:16,551.84,551.97,551.75,551.9416,-1.0,
2025-04-02 16:46:20,552.01,552.06,551.87,551.94,-1.0,
2025-04-02 16:46:24,551.96,552.1,551.81,552.09,-1.0,
2025-04-02 16:46:28,552.18,552.5,552.09,552.5,-1.0,
2025-04-02 16:46:32,552.5,552.55,552.38,552.5,-1.0,
2025-04-02 16:46:36,552.35,552.7,552.35,552.44,-1.0,
2025-04-02 16:46:40,552.48,552.7793,552.48,552.601,-1.0,
2025-04-02 16:46:44,552.61,552.705,552.51,552.56,-1.0,
2025-04-02 16:46:48,552.56,552.59,552.27,552.52,-1.0,
2025-04-02 16:46:52,552.6,552.7,552.49,552.58,-1.0,
2025-04-02 16:46:56,552.59,552.7,552.55,552.7,-1.0,
2025-04-02 16:47:00,552.67,552.74,552.445,552.5499,-1.0,
2025-04-02 16:47:04,552.55,552.56,552.335,552.3695,-1.0,
2025-04-02 16:47:08,552.37,552.49,552.23,552.3182,-1.0,
2025-04-02 16:47:12,552.32,552.39,552.15,552.33,-1.0,
2025-04-02 16:47:16,552.21,552.28,552.02,552.02,-1.0,
2025-04-02 16:47:20,552.07,552.08,551.95,552.07,-1.0,
2025-04-02 16:47:24,552.08,552.23,552.05,552.08,-1.0,
2025-04-02 16:47:28,552.1,552.38,552.08,552.38,-1.0,
2025-04-02 16:47:32,552.41,566.3735,552.24,552.24,-1.0,
2025-04-02 16:47:36,552.33,552.55,552.24,552.4,-1.0,
2025-04-02 16:47:40,552.48,552.48,552.2,552.25,-1.0,
2025-04-02 16:47:44,552.25,552.36,552.16,552.25,-1.0,
2025-04-02 16:47:48,552.3,552.37,552.2,552.21,-1.0,
2025-04-02 16:47:52,552.18,552.26,552.1,552.1,-1.0,
2025-04-02 16:47:56,552.16,552.19,551.86,552.0,-1.0,
2025-04-02 16:48:00,552.01,552.09,551.94,552.07,-1.0,
2025-04-02 16:48:04,551.98,552.29,551.96,552.05,-1.0,
2025-04-02 16:48:08,552.18,552.18,552.01,552.14,-1.0,
2025-04-02 16:48:12,552.17,552.18,552.0,552.04,-1.0,
2025-04-02 16:48:16,552.04,552.17,552.0009,552.14,-1.0,
2025-04-02 16:48:20,552.2,552.2,551.99,552.025,-1.0,
2025-04-02 16:48:24,552.0,552.2,551.98,552.04,-1.0,
2025-04-02 16:48:28,552.06,552.2,551.96,552.0,-1.0,
2025-04-02 16:48:32,552.03,552.4,551.95,552.1494,-1.0,
2025-04-02 16:48:36,552.06,552.155,552.03,552.09,-1.0,
2025-04-02 16:48:40,552.05,552.08,551.98,551.98,-1.0,
2025-04-02 16:48:44,552.04,552.18,551.99,552.07,-1.0,
2025-04-02 16:48:48,552.12,552.1799,552.03,552.05,-1.0,
2025-04-02 16:48:52,552.045,552.0865,551.68,551.68,-1.0,
2025-04-02 16:48:56,551.86,552.25,549.3611,552.09,-1.0,
2025-04-02 16:49:00,552.34,566.3735,552.18,552.74,-1.0,
2025-04-02 16:49:04,552.75,552.81,552.38,552.54,-1.0,
2025-04-02 16:49:08,552.68,552.8,552.62,552.75,-1.0,
2025-04-02 16:49:12,552.73,566.3735,552.54,552.735,-1.0,
2025-04-02 16:49:16,553.16,553.22,552.73,552.95,-1.0,
2025-04-02 16:49:20,552.92,553.09,552.72,553.05,-1.0,
2025-04-02 16:49:24,553.0,553.1182,552.89,553.05,-1.0,
2025-04-02 16:49:28,553.09,553.41,553.04,553.34,-1.0,
2025-04-02 16:49:32,553.3519,553.51,552.9,553.46,-1.0,
2025-04-02 16:49:36,553.39,553.6,553.1,553.19,-1.0,
2025-04-02 16:49:40,553.34,553.69,553.18,553.28,-1.0,
2025-04-02 16:49:44,553.31,553.475,553.19,553.31,-1.0,
2025-04-02 16:49:48,553.4,554.0,553.22,553.405,-1.0,
2025-04-02 16:49:52,553.45,553.685,553.29,553.51,-1.0,
2025-04-02 16:49:56,553.43,553.48,553.07,553.36,-1.0,
2025-04-02 16:50:00,553.4,553.5,553.19,553.22,-1.0,
2025-04-02 16:50:04,553.22,553.28,552.39,552.56,-1.0,
2025-04-02 16:50:08,552.53,552.66,552.27,552.49,-1.0,
2025-04-02 16:50:12,552.41,552.7,552.38,552.7,-1.0,
2025-04-02 16:50:16,552.73,552.86,552.49,552.72,-1.0,
2025-04-02 16:50:20,552.62,553.0,552.41,552.66,-1.0,
2025-04-02 16:50:24,552.53,552.77,552.5,552.64,-1.0,
2025-04-02 16:50:28,552.54,552.7399,552.48,552.71,-1.0,
2025-04-02 16:50:32,552.675,553.0,552.5,552.72,-1.0,
2025-04-02 16:50:36,552.83,552.83,552.67,552.79,-1.0,
2025-04-02 16:50:40,552.73,552.77,552.58,552.63,-1.0,
2025-04-02 16:50:44,552.62,552.81,552.53,552.64,-1.0,
2025-04-02 16:50:48,552.699,566.3735,552.59,552.6997,-1.0,
2025-04-02 16:50:52,552.7,552.865,523.58,552.75,-1.0,
2025-04-02 16:50:56,552.83,552.865,552.67,552.82,-1.0,
2025-04-02 16:51:00,552.86,552.95,552.67,552.8,-1.0,
2025-04-02 16:51:04,552.84,553.09,521.8502,553.0,-1.0,
2025-04-02 16:51:08,553.0,566.3735,552.99,553.085,-1.0,
2025-04-02 16:51:12,553.1,566.3735,553.08,553.23,-1.0,
2025-04-02 16:51:16,553.27,553.3,552.86,552.9101,-1.0,
2025-04-02 16:51:20,552.97,553.02,552.9099,553.01,-1.0,
2025-04-02 16:51:24,553.01,553.3,552.96,553.3,-1.0,
2025-04-02 16:51:28,553.26,566.3735,552.97,552.98,-1.0,
2025-04-02 16:51:32,553.03,553.06,552.75,552.85,-1.0,
2025-04-02 16:51:36,552.91,553.0588,552.85,552.9,-1.0,
2025-04-02 16:51:40,552.81,553.01,552.81,553.0,-1.0,
2025-04-02 16:51:44,552.8909,553.09,552.83,553.01,-1.0,
2025-04-02 16:51:48,553.01,553.1,552.88,552.97,-1.0,
2025-04-02 16:51:52,552.99,554.94,552.9,553.0,-1.0,
2025-04-02 16:51:56,553.0,553.1,552.98,553.1,-1.0,
2025-04-02 16:52:00,553.1,553.16,553.06,553.06,-1.0,
2025-04-02 16:52:04,553.1384,553.2,553.04,553.16,-1.0,
2025-04-02 16:52:08,553.1,553.27,553.0,553.01,-1.0,
2025-04-02 16:52:12,553.01,553.04,552.84,552.94,-1.0,
2025-04-02 16:52:16,552.89,552.9,552.68,552.74,-1.0,
2025-04-02 16:52:20,552.67,552.85,552.64,552.66,-1.0,
2025-04-02 16:52:24,552.75,552.88,552.69,552.88,-1.0,
2025-04-02 16:52:28,552.8,552.9,529.09,552.88,-1.0,
2025-04-02 16:52:32,552.895,552.95,552.8,552.865,-1.0,
2025-04-02 16:52:36,552.8216,552.93,552.67,552.74,-1.0,
2025-04-02 16:52:40,552.74,552.74,552.57,552.685,-1.0,
2025-04-02 16:52:44,552.69,552.69,552.41,552.5193,-1.0,
2025-04-02 16:52:48,552.5,552.65,552.36,552.36,-1.0,
2025-04-02 16:52:52,552.45,552.5,552.3,552.45,-1.0,
2025-04-02 16:52:56,552.43,552.5,552.29,552.39,-1.0,
2025-04-02 16:53:00,552.48,553.01,552.44,552.48,-1.0,
2025-04-02 16:53:04,552.6,566.3735,552.46,552.58,-1.0,
2025-04-02 16:53:08,552.6,552.67,552.54,552.61,-1.0,
2025-04-02 16:53:12,552.7,552.72,552.53,552.65,-1.0,
2025-04-02 16:53:16,552.6,552.69,552.55,552.58,-1.0,
2025-04-02 16:53:20,552.748,552.76,552.48,552.63,-1.0,
2025-04-02 16:53:24,552.5801,552.78,552.56,552.72,-1.0,
2025-04-02 16:53:28,552.67,552.81,542.2234,552.81,-1.0,
2025-04-02 16:53:32,552.88,553.02,552.82,553.02,-1.0,
2025-04-02 16:53:36,553.02,553.02,552.87,552.93,-1.0,
2025-04-02 16:53:40,552.93,553.06,552.905,553.04,-1.0,
2025-04-02 16:53:44,553.04,553.04,518.1757,552.87,-1.0,
2025-04-02 16:53:48,552.88,566.3735,552.78,552.86,-1.0,
2025-04-02 16:53:52,552.94,566.3735,552.81,552.98,-1.0,
2025-04-02 16:53:56,552.98,553.01,552.79,552.79,-1.0,
2025-04-02 16:54:00,552.795,552.795,552.64,552.75,-1.0,
2025-04-02 16:54:04,552.67,552.8,552.67,552.735,-1.0,
2025-04-02 16:54:08,552.8,552.8,552.64,552.69,-1.0,
2025-04-02 16:54:12,552.64,552.68,552.5,552.5786,-1.0,
2025-04-02 16:54:16,552.57,552.64,552.44,552.49,-1.0,
2025-04-02 16:54:20,552.495,552.56,552.38,552.5,-1.0,
2025-04-02 16:54:24,552.5,552.62,552.3908,552.3908,-1.0,
2025-04-02 16:54:28,552.43,552.52,552.15,552.15,-1.0,
2025-04-02 16:54:32,552.22,552.22,552.0101,552.05,-1.0,
2025-04-02 16:54:36,552.08,552.1,521.8502,552.04,-1.0,
2025-04-02 16:54:40,552.04,552.05,551.8,551.82,-1.0,
2025-04-02 16:54:44,551.8,551.835,551.68,551.69,-1.0,
2025-04-02 16:54:48,551.72,551.83,551.64,551.64,-1.0,
2025-04-02 16:54:52,551.65,551.84,551.56,551.84,-1.0,
2025-04-02 16:54:56,551.73,566.3735,551.73,551.83,-1.0,
2025-04-02 16:55:00,551.8,551.8,551.48,551.65,-1.0,
2025-04-02 16:55:04,551.7496,551.7496,551.49,551.675,-1.0,
2025-04-02 16:55:08,551.68,551.7,551.5,551.53,-1.0,
2025-04-02 16:55:12,551.5,551.81,551.5,551.8,-1.0,
2025-04-02 16:55:16,551.83,552.39,551.8,552.245,-1.0,
2025-04-02 16:55:20,552.4,552.69,552.395,552.64,-1.0,
2025-04-02 16:55:24,552.61,552.61,552.22,552.25,-1.0,
2025-04-02 16:55:28,552.32,552.6,552.1,552.53,-1.0,
2025-04-02 16:55:32,552.54,552.8,552.3702,552.3702,-1.0,
2025-04-02 16:55:36,552.36,552.38,552.2,552.23,-1.0,
2025-04-02 16:55:40,552.21,552.2968,552.13,552.2,-1.0,
2025-04-02 16:55:44,552.19,552.61,552.19,552.47,-1.0,
2025-04-02 16:55:48,552.57,552.64,552.25,552.48,-1.0,
2025-04-02 16:55:52,552.4892,552.5,552.3,552.5,-1.0,
2025-04-02 16:55:56,552.46,552.52,552.4,552.44,-1.0,
2025-04-02 16:56:00,552.4301,554.94,552.3841,552.4,-1.0,
2025-04-02 16:56:04,552.47,552.55,552.38,552.55,-1.0,
2025-04-02 16:56:08,552.55,552.94,552.4818,552.94,-1.0,
2025-04-02 16:56:12,552.77,552.8,552.515,552.64,-1.0,
2025-04-02 16:56:16,552.72,552.79,529.09,552.6,-1.0,
2025-04-02 16:56:20,552.61,552.61,552.44,552.44,-1.0,
2025-04-02 16:56:24,552.42,552.71,523.58,552.5,-1.0,
2025-04-02 16:56:28,552.54,552.67,552.4305,552.56,-1.0,
2025-04-02 16:56:32,552.545,552.5892,523.2243,552.49,-1.0,
2025-04-02 16:56:36,552.45,552.66,552.45,552.49,-1.0,
2025-04-02 16:56:40,552.5,552.94,532.0044,552.54,-1.0,
2025-04-02 16:56:44,552.555,552.77,552.555,552.69,-1.0,
2025-04-02 16:56:48,552.73,552.88,552.64,552.77,-1.0,
2025-04-02 16:56:52,552.75,552.79,552.69,552.7678,-1.0,
2025-04-02 16:56:56,552.735,552.78,552.7,552.77,-1.0,
2025-04-02 16:57:00,552.78,552.81,552.745,552.75,-1.0,
2025-04-02 16:57:04,552.8,552.8,552.39,552.59,-1.0,
2025-04-02 16:57:08,552.44,552.65,552.37,552.6482,-1.0,
2025-04-02 16:57:12,552.6999,552.77,552.63,552.63,-1.0,
2025-04-02 16:57:16,552.7,552.71,552.55,552.55,-1.0,
2025-04-02 16:57:20,552.589,552.61,552.45,552.49,-1.0,
2025-04-02 16:57:24,552.49,552.69,552.49,552.69,-1.0,
2025-04-02 16:57:28,552.72,552.79,552.61,552.65,-1.0,
2025-04-02 16:57:32,552.65,552.79,552.53,552.53,-1.0,
2025-04-02 16:57:36,552.6,552.67,552.45,552.67,-1.0,
2025-04-02 16:57:40,552.6,566.3735,552.35,552.52,-1.0,
2025-04-02 16:57:44,552.45,552.6,552.315,552.38,-1.0,
2025-04-02 16:57:48,552.35,552.36,552.15,552.25,-1.0,
2025-04-02 16:57:52,552.25,552.49,552.06,552.3,-1.0,
2025-04-02 16:57:56,552.28,552.4,552.12,552.2082,-1.0,
2025-04-02 16:58:00,552.11,552.27,552.1,552.26,-1.0,
2025-04-02 16:58:04,552.31,552.34,552.11,552.17,-1.0,
2025-04-02 16:58:08,552.26,552.45,552.12,552.4,-1.0,
2025-04-02 16:58:12,552.4,552.41,552.0,552.4,-1.0,
2025-04-02 16:58:16,552.365,552.54,552.33,552.54,-1.0,
2025-04-02 16:58:20,552.51,552.65,552.34,552.34,-1.0,
2025-04-02 16:58:24,552.33,552.53,552.3,552.36,-1.0,
2025-04-02 16:58:28,552.3484,552.3484,552.12,552.1368,-1.0,
2025-04-02 16:58:32,552.1,552.28,551.99,552.0,-1.0,
2025-04-02 16:58:36,551.98,551.99,551.71,551.84,-1.0,
2025-04-02 16:58:40,551.84,551.98,551.69,551.7,-1.0,
2025-04-02 16:58:44,551.75,552.0,551.6,551.72,-1.0,
2025-04-02 16:58:48,551.7395,551.94,551.62,551.74,-1.0,
2025-04-02 16:58:52,551.94,552.0,551.73,551.8615,-1.0,
2025-04-02 16:58:56,551.925,551.925,551.49,551.6,-1.0,
2025-04-02 16:59:00,551.66,551.97,551.58,551.8,-1.0,
2025-04-02 16:59:04,551.91,551.98,551.68,551.78,-1.0,
2025-04-02 16:59:08,551.7601,551.98,551.76,551.92,-1.0,
2025-04-02 16:59:12,551.92,551.92,551.71,551.73,-1.0,
2025-04-02 16:59:16,551.87,552.1,551.5,551.95,-1.0,
2025-04-02 16:59:20,552.025,552.09,551.6901,551.85,-1.0,
2025-04-02 16:59:24,551.72,552.01,551.53,551.88,-1.0,
2025-04-02 16:59:28,551.93,552.07,551.84,551.97,-1.0,
2025-04-02 16:59:32,551.96,552.08,523.58,552.0,-1.0,
2025-04-02 16:59:36,551.97,552.1,551.97,552.1,-1.0,
2025-04-02 16:59:40,552.1,552.5,552.0407,552.15,-1.0,
2025-04-02 16:59:44,552.23,552.3,552.04,552.225,-1.0,
2025-04-02 16:59:48,552.27,552.3,552.15,552.3,-1.0,
2025-04-02 16:59:52,552.15,566.3735,552.15,552.46,-1.0,
2025-04-02 16:59:56,552.21,552.46,552.11,552.42,-1.0,
2025-04-02 17:00:00,552.3,552.46,551.99,552.3096,-1.0,
